Date,Close
2006-04-06,101.921875
2006-04-07,101.8203125
2006-04-10,101.8203125
2006-04-11,101.8515625
2006-04-12,101.7890625
2006-04-13,101.734375
2006-04-17,101.8046875
2006-04-18,101.921875
2006-04-19,101.875
2006-04-20,101.84375
2006-04-21,101.8125
2006-04-24,101.84375
2006-04-25,101.7421875
2006-04-26,101.65625
2006-04-27,101.7890625
2006-04-28,101.8671875
2006-05-01,101.7578125
2006-05-02,101.765625
2006-05-03,101.734375
2006-05-04,101.6875
2006-05-05,101.734375
2006-05-08,101.6953125
2006-05-09,101.6953125
2006-05-10,101.6640625
2006-05-11,101.6640625
2006-05-12,101.640625
2006-05-15,101.6796875
2006-05-16,101.7421875
2006-05-17,101.6875
2006-05-18,101.7578125
2006-05-19,101.7109375
2006-05-22,101.7421875
2006-05-23,101.703125
2006-05-24,101.7578125
2006-05-25,101.71875
2006-05-26,101.7421875
2006-05-30,101.6796875
2006-05-31,101.5625
2006-06-01,101.5703125
2006-06-02,101.78125
2006-06-05,101.6640625
2006-06-06,101.6484375
2006-06-07,101.609375
2006-06-08,101.640625
2006-06-09,101.625
2006-06-12,101.6171875
2006-06-13,101.6171875
2006-06-14,101.453125
2006-06-15,101.3984375
2006-06-16,101.375
2006-06-19,101.3359375
2006-06-20,101.3125
2006-06-21,101.3046875
2006-06-22,101.2421875
2006-06-23,101.1953125
2006-06-26,101.1875
2006-06-27,101.2109375
2006-06-28,101.1640625
2006-06-29,101.28125
2006-06-30,101.359375
2006-07-03,101.3671875
2006-07-05,101.234375
2006-07-06,101.28125
2006-07-07,101.359375
2006-07-10,101.359375
2006-07-11,101.390625
2006-07-12,101.375
2006-07-13,101.4453125
2006-07-14,101.5234375
2006-07-17,101.4765625
2006-07-18,101.3515625
2006-07-19,101.4921875
2006-07-20,101.5859375
2006-07-21,101.5546875
2006-07-24,101.5390625
2006-07-25,101.5
2006-07-26,101.5625
2006-07-27,101.578125
2006-07-28,101.71875
2006-07-31,101.734375
2006-08-01,101.75
2006-08-02,101.75
2006-08-03,101.7109375
2006-08-04,101.8359375
2006-08-07,101.765625
2006-08-08,101.828125
2006-08-09,101.828125
2006-08-10,101.8125
2006-08-11,101.7265625
2006-08-14,101.640625
2006-08-15,101.7578125
2006-08-16,101.8828125
2006-08-17,101.84375
2006-08-18,101.8828125
2006-08-21,101.8984375
2006-08-22,101.8984375
2006-08-23,101.890625
2006-08-24,101.875
2006-08-25,101.90625
2006-08-28,101.8671875
2006-08-29,101.8828125
2006-08-30,101.9375
2006-08-31,102.015625
2006-09-01,102.046875
2006-09-05,101.9921875
2006-09-06,101.953125
2006-09-07,101.9375
2006-09-08,101.9765625
2006-09-11,101.9140625
2006-09-12,101.9296875
2006-09-13,101.9609375
2006-09-14,101.921875
2006-09-15,101.859375
2006-09-18,101.8359375
2006-09-19,101.96875
2006-09-20,101.9453125
2006-09-21,102.1171875
2006-09-22,102.171875
2006-09-25,102.21875
2006-09-26,102.1484375
2006-09-27,102.15625
2006-09-28,102.1484375
2006-09-29,102.109375
2006-10-02,102.3125
2006-10-03,102.296875
2006-10-04,102.421875
2006-10-05,102.3203125
2006-10-06,102.140625
2006-10-09,102.140625
2006-10-10,102.015625
2006-10-11,101.921875
2006-10-12,101.9453125
2006-10-13,101.8984375
2006-10-16,101.9296875
2006-10-17,101.953125
2006-10-18,101.9453125
2006-10-19,101.9140625
2006-10-20,101.90625
2006-10-23,101.828125
2006-10-24,101.828125
2006-10-25,101.890625
2006-10-26,101.9921875
2006-10-27,102.1015625
2006-10-30,102.0859375
2006-10-31,102.203125
2006-11-01,102.296875
2006-11-02,102.25
2006-11-03,101.9765625
2006-11-06,101.96875
2006-11-07,102.0546875
2006-11-08,102.09375
2006-11-09,102.1015625
2006-11-10,102.125
2006-11-13,102.0703125
2006-11-14,102.109375
2006-11-15,101.984375
2006-11-16,101.9375
2006-11-17,102.0703125
2006-11-20,102.0703125
2006-11-21,102.0703125
2006-11-22,102.0859375
2006-11-23,102.0859375
2006-11-24,102.125
2006-11-27,102.125
2006-11-28,102.1875
2006-11-29,102.171875
2006-11-30,102.28125
2006-12-01,102.453125
2006-12-04,102.453125
2006-12-05,102.46875
2006-12-06,102.359375
2006-12-07,102.359375
2006-12-08,102.1875
2006-12-11,102.203125
2006-12-12,102.2890625
2006-12-13,102.125
2006-12-14,102.0859375
2006-12-15,102.0859375
2006-12-18,102.109375
2006-12-19,102.1015625
2006-12-20,102.1015625
2006-12-21,102.1875
2006-12-22,102.0859375
2006-12-26,102.09375
2006-12-27,102.0
2006-12-28,102.0078125
2006-12-29,101.9296875
2007-01-02,102.0625
2007-01-03,102.1171875
2007-01-04,102.203125
2007-01-05,102.1328125
2007-01-08,102.078125
2007-01-09,102.0546875
2007-01-10,102.0234375
2007-01-11,101.9296875
2007-01-12,101.890625
2007-01-16,101.9140625
2007-01-17,101.8359375
2007-01-18,101.8671875
2007-01-19,101.8203125
2007-01-22,101.828125
2007-01-23,101.78125
2007-01-24,101.8046875
2007-01-25,101.7265625
2007-01-26,101.7109375
2007-01-29,101.6953125
2007-01-30,101.71875
2007-01-31,101.796875
2007-02-01,101.7578125
2007-02-02,101.7890625
2007-02-05,101.8125
2007-02-06,101.8515625
2007-02-07,101.890625
2007-02-08,101.890625
2007-02-09,101.8203125
2007-02-12,101.78125
2007-02-13,101.765625
2007-02-14,101.90625
2007-02-15,101.96875
2007-02-16,101.96875
2007-02-20,101.9921875
2007-02-21,101.9609375
2007-02-22,101.890625
2007-02-23,101.9609375
2007-02-26,102.0390625
2007-02-27,102.3203125
2007-02-28,102.2734375
2007-03-01,102.296875
2007-03-02,102.3828125
2007-03-05,102.3671875
2007-03-06,102.3359375
2007-03-07,102.3984375
2007-03-08,102.3828125
2007-03-09,102.171875
2007-03-12,102.234375
2007-03-13,102.421875
2007-03-14,102.3984375
2007-03-15,102.328125
2007-03-16,102.3046875
2007-03-19,102.234375
2007-03-20,102.28125
2007-03-21,102.4140625
2007-03-22,102.3125
2007-03-23,102.2578125
2007-03-26,102.328125
2007-03-27,102.328125
2007-03-28,102.34375
2007-03-29,102.28125
2007-03-30,102.3671875
2007-04-02,102.4453125
2007-04-03,102.375
2007-04-04,102.3984375
2007-04-05,102.3671875
2007-04-09,102.15625
2007-04-10,102.2265625
2007-04-11,102.1875
2007-04-12,102.1796875
2007-04-13,102.1015625
2007-04-16,102.1328125
2007-04-17,102.25
2007-04-18,102.3203125
2007-04-19,102.3203125
2007-04-20,102.3203125
2007-04-23,102.3515625
2007-04-24,102.4140625
2007-04-25,102.3515625
2007-04-26,102.2578125
2007-04-27,102.25
2007-04-30,102.359375
2007-05-01,102.296875
2007-05-02,102.2890625
2007-05-03,102.171875
2007-05-04,102.234375
2007-05-07,102.21875
2007-05-08,102.234375
2007-05-09,102.1328125
2007-05-10,102.1953125
2007-05-11,102.15625
2007-05-14,102.1171875
2007-05-15,102.1015625
2007-05-16,102.1015625
2007-05-17,102.015625
2007-05-18,101.953125
2007-05-21,101.96875
2007-05-22,101.9140625
2007-05-23,101.90625
2007-05-24,101.8984375
2007-05-25,101.8828125
2007-05-29,101.8203125
2007-05-30,101.7890625
2007-05-31,101.7421875
2007-06-01,101.640625
2007-06-04,101.65625
2007-06-05,101.6171875
2007-06-06,101.6796875
2007-06-07,101.6171875
2007-06-08,101.609375
2007-06-11,101.6328125
2007-06-12,101.5234375
2007-06-13,101.5
2007-06-14,101.4921875
2007-06-15,101.578125
2007-06-18,101.625
2007-06-19,101.7109375
2007-06-20,101.65625
2007-06-21,101.6640625
2007-06-22,101.7421875
2007-06-25,101.8359375
2007-06-26,101.796875
2007-06-27,101.828125
2007-06-28,101.6875
2007-06-29,101.796875
2007-07-02,101.9375
2007-07-03,101.859375
2007-07-05,101.703125
2007-07-06,101.671875
2007-07-09,101.703125
2007-07-10,101.9140625
2007-07-11,101.875
2007-07-12,101.78125
2007-07-13,101.7890625
2007-07-16,101.890625
2007-07-17,101.8203125
2007-07-18,101.9609375
2007-07-19,101.921875
2007-07-20,102.0625
2007-07-23,102.0234375
2007-07-24,102.0859375
2007-07-25,102.1484375
2007-07-26,102.5
2007-07-27,102.4921875
2007-07-30,102.4375
2007-07-31,102.46875
2007-08-01,102.4765625
2007-08-02,102.4296875
2007-08-03,102.5859375
2007-08-06,102.5078125
2007-08-07,102.4296875
2007-08-08,102.25
2007-08-09,102.53125
2007-08-10,102.5546875
2007-08-13,102.546875
2007-08-14,102.6796875
2007-08-15,102.8203125
2007-08-16,103.1328125
2007-08-17,103.015625
2007-08-20,103.1328125
2007-08-21,103.1484375
2007-08-22,102.9375
2007-08-23,102.921875
2007-08-24,102.7734375
2007-08-27,102.84375
2007-08-28,103.1328125
2007-08-29,103.0546875
2007-08-30,103.140625
2007-08-31,103.03125
2007-09-04,103.0859375
2007-09-05,103.328125
2007-09-06,103.25
2007-09-07,103.546875
2007-09-10,103.6171875
2007-09-11,103.453125
2007-09-12,103.4375
2007-09-13,103.265625
2007-09-14,103.28125
2007-09-17,103.2578125
2007-09-18,103.421875
2007-09-19,103.40625
2007-09-20,103.21875
2007-09-21,103.2734375
2007-09-24,103.28125
2007-09-25,103.3828125
2007-09-26,103.40625
2007-09-27,103.4453125
2007-09-28,103.4921875
2007-10-01,103.421875
2007-10-02,103.5
2007-10-03,103.453125
2007-10-04,103.46875
2007-10-05,103.3125
2007-10-09,103.21875
2007-10-10,103.1796875
2007-10-11,103.1640625
2007-10-12,103.03125
2007-10-15,103.078125
2007-10-16,103.21875
2007-10-17,103.484375
2007-10-18,103.578125
2007-10-19,103.7578125
2007-10-22,103.7421875
2007-10-23,103.7578125
2007-10-24,103.9453125
2007-10-25,103.9140625
2007-10-26,103.875
2007-10-29,103.796875
2007-10-30,103.78125
2007-10-31,103.5546875
2007-11-01,103.8125
2007-11-02,104.0546875
2007-11-05,104.0078125
2007-11-06,103.96875
2007-11-07,104.15625
2007-11-08,104.3515625
2007-11-09,104.3515625
2007-11-12,104.3515625
2007-11-13,104.234375
2007-11-14,104.203125
2007-11-15,104.53125
2007-11-16,104.5703125
2007-11-19,104.8125
2007-11-20,104.8203125
2007-11-21,105.0078125
2007-11-23,105.0
2007-11-26,105.2421875
2007-11-27,104.96875
2007-11-28,104.78125
2007-11-29,104.9921875
2007-11-30,105.015625
2007-12-03,105.2109375
2007-12-04,105.265625
2007-12-05,105.2890625
2007-12-06,105.09375
2007-12-07,104.8671875
2007-12-10,104.84375
2007-12-11,105.1796875
2007-12-12,104.921875
2007-12-13,104.78125
2007-12-14,104.59375
2007-12-17,104.6875
2007-12-18,104.796875
2007-12-19,104.875
2007-12-20,105.0
2007-12-21,104.7890625
2007-12-24,104.7578125
2007-12-26,104.640625
2007-12-27,104.75
2007-12-28,104.9296875
2007-12-31,105.0
2008-01-02,105.5078125
2008-01-03,105.59375
2008-01-04,105.796875
2008-01-07,105.71875
2008-01-08,105.71875
2008-01-09,105.890625
2008-01-10,105.8515625
2008-01-11,106.0625
2008-01-14,106.078125
2008-01-15,106.140625
2008-01-16,106.1875
2008-01-17,106.3046875
2008-01-18,106.453125
2008-01-22,106.77999877929688
2008-01-23,106.921875
2008-01-24,106.4765625
2008-01-25,106.53125
2008-01-28,106.546875
2008-01-29,106.421875
2008-01-30,106.4140625
2008-01-31,106.609375
2008-02-01,106.7578125
2008-02-04,106.8359375
2008-02-05,107.03125
2008-02-06,106.984375
2008-02-07,106.9296875
2008-02-08,107.046875
2008-02-11,107.1015625
2008-02-12,107.0546875
2008-02-13,107.1875
2008-02-14,107.171875
2008-02-15,107.140625
2008-02-19,106.875
2008-02-20,106.6640625
2008-02-21,106.96875
2008-02-22,106.9921875
2008-02-25,106.7578125
2008-02-26,106.8984375
2008-02-27,106.9375
2008-02-28,107.203125
2008-02-29,107.65625
2008-03-03,107.71875
2008-03-04,107.6875
2008-03-05,107.5546875
2008-03-06,107.6484375
2008-03-07,107.7734375
2008-03-10,107.8359375
2008-03-11,107.453125
2008-03-12,107.6328125
2008-03-13,107.65625
2008-03-14,108.0234375
2008-03-17,108.1171875
2008-03-18,107.6484375
2008-03-19,107.7890625
2008-03-20,107.734375
2008-03-24,107.28125
2008-03-25,107.390625
2008-03-26,107.484375
2008-03-27,107.4609375
2008-03-28,107.6015625
2008-03-31,107.546875
2008-04-01,107.0390625
2008-04-02,106.8671875
2008-04-03,106.84375
2008-04-04,107.0078125
2008-04-07,106.8203125
2008-04-08,106.96875
2008-04-09,107.2265625
2008-04-10,107.0703125
2008-04-11,107.25
2008-04-14,107.21875
2008-04-15,107.0703125
2008-04-16,106.7734375
2008-04-17,106.515625
2008-04-18,106.3984375
2008-04-21,106.4296875
2008-04-22,106.34375
2008-04-23,106.3671875
2008-04-24,106.0234375
2008-04-25,106.0078125
2008-04-28,106.1171875
2008-04-29,106.1484375
2008-04-30,106.34375
2008-05-01,106.171875
2008-05-02,105.9921875
2008-05-05,106.0703125
2008-05-06,106.140625
2008-05-07,106.2265625
2008-05-08,106.3671875
2008-05-09,106.4140625
2008-05-12,106.2890625
2008-05-13,105.9140625
2008-05-14,105.796875
2008-05-15,105.984375
2008-05-16,106.015625
2008-05-19,106.109375
2008-05-20,106.296875
2008-05-21,106.1171875
2008-05-22,105.8671875
2008-05-23,106.1484375
2008-05-27,106.0234375
2008-05-28,105.828125
2008-05-29,105.78125
2008-05-30,105.84375
2008-06-02,106.1015625
2008-06-03,106.296875
2008-06-04,106.296875
2008-06-05,106.1796875
2008-06-06,106.3359375
2008-06-09,105.71875
2008-06-10,105.40625
2008-06-11,105.6171875
2008-06-12,105.2421875
2008-06-13,105.1640625
2008-06-16,105.1953125
2008-06-17,105.359375
2008-06-18,105.4921875
2008-06-19,105.3046875
2008-06-20,105.53125
2008-06-23,105.375
2008-06-24,105.5703125
2008-06-25,105.671875
2008-06-26,105.953125
2008-06-27,106.0
2008-06-30,106.0234375
2008-07-01,105.578125
2008-07-02,105.71875
2008-07-03,105.8046875
2008-07-07,105.921875
2008-07-08,105.9609375
2008-07-09,106.09375
2008-07-10,106.0546875
2008-07-11,105.6796875
2008-07-14,105.9609375
2008-07-15,106.1171875
2008-07-16,106.078125
2008-07-17,105.78125
2008-07-18,105.671875
2008-07-21,105.640625
2008-07-22,105.546875
2008-07-23,105.390625
2008-07-24,105.78125
2008-07-25,105.6328125
2008-07-28,105.8828125
2008-07-29,105.796875
2008-07-30,105.7734375
2008-07-31,106.0
2008-08-01,106.03125
2008-08-04,105.9765625
2008-08-05,105.96875
2008-08-06,105.90625
2008-08-07,106.1640625
2008-08-08,106.0390625
2008-08-11,105.921875
2008-08-12,106.15625
2008-08-13,106.0703125
2008-08-14,106.1796875
2008-08-15,106.28125
2008-08-18,106.390625
2008-08-19,106.421875
2008-08-20,106.5625
2008-08-21,106.4375
2008-08-22,106.28125
2008-08-25,106.4453125
2008-08-26,106.4140625
2008-08-27,106.515625
2008-08-28,106.3984375
2008-08-29,106.46875
2008-09-02,106.625
2008-09-03,106.640625
2008-09-04,106.734375
2008-09-05,106.6328125
2008-09-08,106.5390625
2008-09-09,106.6875
2008-09-10,106.6796875
2008-09-11,106.7265625
2008-09-12,106.6328125
2008-09-15,107.46875
2008-09-16,107.1796875
2008-09-17,107.6796875
2008-09-18,107.734375
2008-09-19,106.7421875
2008-09-22,106.7890625
2008-09-23,106.828125
2008-09-24,107.1328125
2008-09-25,106.8125
2008-09-26,107.078125
2008-09-29,107.734375
2008-09-30,107.3515625
2008-10-01,107.0390625
2008-10-02,107.359375
2008-10-03,107.34375
2008-10-06,107.8046875
2008-10-07,107.6015625
2008-10-08,107.3671875
2008-10-09,107.0
2008-10-10,107.2578125
2008-10-13,106.625
2008-10-14,106.9453125
2008-10-15,107.1953125
2008-10-16,107.3515625
2008-10-17,107.3359375
2008-10-20,107.0625
2008-10-21,107.359375
2008-10-22,107.4140625
2008-10-23,107.546875
2008-10-24,107.484375
2008-10-27,107.453125
2008-10-28,107.421875
2008-10-29,107.5859375
2008-10-30,107.5390625
2008-10-31,107.4140625
2008-11-03,107.78125
2008-11-04,107.9140625
2008-11-05,108.0
2008-11-06,108.109375
2008-11-07,108.0078125
2008-11-10,108.2109375
2008-11-11,108.25
2008-11-12,108.4453125
2008-11-13,108.3046875
2008-11-14,108.2421875
2008-11-17,108.3046875
2008-11-18,108.4609375
2008-11-19,108.5625
2008-11-20,108.75
2008-11-21,108.6875
2008-11-24,108.46875
2008-11-25,108.796875
2008-11-26,108.8984375
2008-11-28,109.1875
2008-12-01,109.3671875
2008-12-02,109.3515625
2008-12-03,109.3203125
2008-12-04,109.3671875
2008-12-05,109.2265625
2008-12-08,109.21875
2008-12-09,109.4140625
2008-12-10,109.3984375
2008-12-11,109.5703125
2008-12-12,109.6015625
2008-12-15,109.71875
2008-12-16,109.9609375
2008-12-17,109.875
2008-12-18,109.8203125
2008-12-19,109.7421875
2008-12-22,109.546875
2008-12-23,109.5625
2008-12-24,109.4921875
2008-12-26,109.515625
2008-12-29,109.734375
2008-12-30,109.8125
2008-12-31,109.765625
2009-01-02,108.7734375
2009-01-05,109.015625
2009-01-06,108.9765625
2009-01-07,109.0234375
2009-01-08,108.953125
2009-01-09,109.125
2009-01-12,109.203125
2009-01-13,109.203125
2009-01-14,109.2265625
2009-01-15,109.21875
2009-01-16,109.2734375
2009-01-20,109.3046875
2009-01-21,109.140625
2009-01-22,109.2109375
2009-01-23,109.0703125
2009-01-26,109.0078125
2009-01-27,109.0703125
2009-01-28,108.984375
2009-01-29,108.84375
2009-01-30,108.8125
2009-02-02,108.890625
2009-02-03,108.8515625
2009-02-04,108.796875
2009-02-05,108.796875
2009-02-06,108.8046875
2009-02-09,108.6796875
2009-02-10,108.9296875
2009-02-11,108.90625
2009-02-12,109.015625
2009-02-13,108.8671875
2009-02-17,109.015625
2009-02-18,108.859375
2009-02-19,108.78125
2009-02-20,108.875
2009-02-23,108.8515625
2009-02-24,108.796875
2009-02-25,108.6640625
2009-02-26,108.6953125
2009-02-27,108.859375
2009-03-02,109.1015625
2009-03-03,109.046875
2009-03-04,108.9609375
2009-03-05,109.1015625
2009-03-06,108.984375
2009-03-09,108.8515625
2009-03-10,108.796875
2009-03-11,108.7890625
2009-03-12,108.7734375
2009-03-13,108.859375
2009-03-16,108.78125
2009-03-17,108.6796875
2009-03-18,109.09375
2009-03-19,109.0625
2009-03-20,109.0234375
2009-03-23,108.984375
2009-03-24,108.953125
2009-03-25,108.921875
2009-03-26,109.0
2009-03-27,108.984375
2009-03-30,109.0703125
2009-03-31,109.125
2009-04-01,108.890625
2009-04-02,108.7421875
2009-04-03,108.546875
2009-04-06,108.5625
2009-04-07,108.609375
2009-04-08,108.59375
2009-04-09,108.546875
2009-04-13,108.7265625
2009-04-14,108.7734375
2009-04-15,108.7578125
2009-04-16,108.6484375
2009-04-17,108.5078125
2009-04-20,108.625
2009-04-21,108.578125
2009-04-22,108.4921875
2009-04-23,108.5703125
2009-04-24,108.5625
2009-04-27,108.75
2009-04-28,108.65625
2009-04-29,108.7109375
2009-04-30,108.7734375
2009-05-01,108.7421875
2009-05-04,108.7109375
2009-05-05,108.6875
2009-05-06,108.7109375
2009-05-07,108.640625
2009-05-08,108.6484375
2009-05-11,108.828125
2009-05-12,108.84375
2009-05-13,108.90625
2009-05-14,108.9375
2009-05-15,108.9453125
2009-05-18,108.828125
2009-05-19,108.8671875
2009-05-20,108.96875
2009-05-21,108.9140625
2009-05-22,108.8671875
2009-05-26,108.859375
2009-05-27,108.859375
2009-05-28,108.8359375
2009-05-29,108.984375
2009-06-01,108.8828125
2009-06-02,108.90625
2009-06-03,109.0
2009-06-04,108.9296875
2009-06-05,108.21875
2009-06-08,108.0234375
2009-06-09,108.2890625
2009-06-10,108.1796875
2009-06-11,108.2578125
2009-06-12,108.3828125
2009-06-15,108.4921875
2009-06-16,108.546875
2009-06-17,108.625
2009-06-18,108.4296875
2009-06-19,108.4921875
2009-06-22,108.6640625
2009-06-23,108.7265625
2009-06-24,108.6875
2009-06-25,108.84375
2009-06-26,108.8671875
2009-06-29,108.859375
2009-06-30,108.9921875
2009-07-01,108.2265625
2009-07-02,108.3828125
2009-07-06,108.4609375
2009-07-07,108.4140625
2009-07-08,108.5546875
2009-07-09,108.4921875
2009-07-10,108.5859375
2009-07-13,108.5546875
2009-07-14,108.5
2009-07-15,108.328125
2009-07-16,108.421875
2009-07-17,108.3671875
2009-07-20,108.4375
2009-07-21,108.5390625
2009-07-22,108.484375
2009-07-23,108.28125
2009-07-24,108.3671875
2009-07-27,108.3359375
2009-07-28,108.25
2009-07-29,108.1640625
2009-07-30,108.1015625
2009-07-31,108.2890625
2009-08-03,108.15625
2009-08-04,108.125
2009-08-05,108.0703125
2009-08-06,108.1015625
2009-08-07,107.8984375
2009-08-10,108.046875
2009-08-11,108.140625
2009-08-12,108.2890625
2009-08-13,108.3828125
2009-08-14,108.453125
2009-08-17,108.53125
2009-08-18,108.484375
2009-08-19,108.5859375
2009-08-20,108.59375
2009-08-21,108.4453125
2009-08-24,108.5859375
2009-08-25,108.578125
2009-08-26,108.6328125
2009-08-27,108.6640625
2009-08-28,108.7265625
2009-08-31,108.84375
2009-09-01,108.9765625
2009-09-02,109.015625
2009-09-03,108.984375
2009-09-04,108.9453125
2009-09-08,108.96875
2009-09-09,108.9921875
2009-09-10,109.078125
2009-09-11,109.0703125
2009-09-14,109.046875
2009-09-15,108.9921875
2009-09-16,108.8984375
2009-09-17,108.96875
2009-09-18,108.890625
2009-09-21,108.9140625
2009-09-22,108.984375
2009-09-23,109.078125
2009-09-24,109.109375
2009-09-25,109.0078125
2009-09-28,109.0390625
2009-09-29,108.984375
2009-09-30,109.0078125
2009-10-01,108.640625
2009-10-02,108.65625
2009-10-05,108.6640625
2009-10-06,108.6328125
2009-10-07,108.734375
2009-10-08,108.6640625
2009-10-09,108.5234375
2009-10-12,108.6015625
2009-10-13,108.6875
2009-10-14,108.609375
2009-10-15,108.5546875
2009-10-16,108.5234375
2009-10-19,108.515625
2009-10-20,108.6328125
2009-10-21,108.515625
2009-10-22,108.5703125
2009-10-23,108.4609375
2009-10-26,108.40625
2009-10-27,108.59375
2009-10-28,108.7109375
2009-10-29,108.6328125
2009-10-30,108.8046875
2009-11-02,108.78125
2009-11-03,108.796875
2009-11-04,108.8203125
2009-11-05,108.8671875
2009-11-06,108.9296875
2009-11-09,108.9296875
2009-11-10,108.953125
2009-11-11,109.0390625
2009-11-12,109.015625
2009-11-13,109.0234375
2009-11-16,109.1171875
2009-11-17,109.1328125
2009-11-18,109.15625
2009-11-19,109.2109375
2009-11-20,109.1953125
2009-11-23,109.171875
2009-11-24,109.28125
2009-11-25,109.296875
2009-11-27,109.40625
2009-11-30,109.4765625
2009-12-01,109.453125
2009-12-02,109.3515625
2009-12-03,109.3359375
2009-12-04,109.1171875
2009-12-07,109.28125
2009-12-08,109.359375
2009-12-09,109.3359375
2009-12-10,109.28125
2009-12-11,109.1953125
2009-12-14,109.125
2009-12-15,109.078125
2009-12-16,109.1484375
2009-12-17,109.296875
2009-12-18,109.2265625
2009-12-21,109.1015625
2009-12-22,109.03125
2009-12-23,108.9921875
2009-12-24,108.8828125
2009-12-28,108.7578125
2009-12-29,108.765625
2009-12-30,108.8046875
2009-12-31,108.71875
2010-01-04,108.2578125
2010-01-05,108.4140625
2010-01-06,108.4453125
2010-01-07,108.390625
2010-01-08,108.5234375
2010-01-11,108.578125
2010-01-12,108.6328125
2010-01-13,108.5546875
2010-01-14,108.640625
2010-01-15,108.7578125
2010-01-19,108.703125
2010-01-20,108.7421875
2010-01-21,108.828125
2010-01-22,108.8984375
2010-01-25,108.8984375
2010-01-26,108.8828125
2010-01-27,108.8203125
2010-01-28,108.8828125
2010-01-29,108.9765625
2010-02-01,108.9296875
2010-02-02,108.9453125
2010-02-03,108.890625
2010-02-04,109.0234375
2010-02-05,109.1484375
2010-02-08,109.09375
2010-02-09,109.0234375
2010-02-10,108.9140625
2010-02-11,108.9296875
2010-02-12,109.0234375
2010-02-16,109.0859375
2010-02-17,108.9765625
2010-02-18,108.9453125
2010-02-19,108.84375
2010-02-22,108.9296875
2010-02-23,109.0390625
2010-02-24,109.0703125
2010-02-25,109.1640625
2010-02-26,109.2109375
2010-03-01,109.21875
2010-03-02,109.2421875
2010-03-03,109.21875
2010-03-04,109.125
2010-03-05,109.0625
2010-03-08,109.0859375
2010-03-09,109.1171875
2010-03-10,109.0625
2010-03-11,108.9765625
2010-03-12,108.953125
2010-03-15,109.0078125
2010-03-16,109.078125
2010-03-17,109.0390625
2010-03-18,108.953125
2010-03-19,108.875
2010-03-22,108.9375
2010-03-23,108.953125
2010-03-24,108.7890625
2010-03-25,108.7890625
2010-03-26,108.875
2010-03-29,108.8984375
2010-03-30,108.8671875
2010-03-31,108.9296875
2010-04-01,108.4296875
2010-04-05,108.1484375
2010-04-06,108.21875
2010-04-07,108.3828125
2010-04-08,108.3984375
2010-04-09,108.4140625
2010-04-12,108.4609375
2010-04-13,108.453125
2010-04-14,108.4453125
2010-04-15,108.5
2010-04-16,108.6796875
2010-04-19,108.6171875
2010-04-20,108.5546875
2010-04-21,108.5859375
2010-04-22,108.53125
2010-04-23,108.4375
2010-04-26,108.4609375
2010-04-27,108.65625
2010-04-28,108.59375
2010-04-29,108.6953125
2010-04-30,108.7890625
2010-05-03,108.703125
2010-05-04,108.8203125
2010-05-05,108.9765625
2010-05-06,109.1953125
2010-05-07,109.1015625
2010-05-10,109.0390625
2010-05-11,109.0390625
2010-05-12,109.015625
2010-05-13,109.0390625
2010-05-14,109.171875
2010-05-17,109.140625
2010-05-18,109.25
2010-05-19,109.2109375
2010-05-20,109.296875
2010-05-21,109.28125
2010-05-24,109.296875
2010-05-25,109.328125
2010-05-26,109.25
2010-05-27,109.1640625
2010-05-28,109.3515625
2010-06-01,109.3125
2010-06-02,109.2578125
2010-06-03,109.21875
2010-06-04,109.390625
2010-06-07,109.328125
2010-06-08,109.3359375
2010-06-09,109.3515625
2010-06-10,109.2578125
2010-06-11,109.390625
2010-06-14,109.359375
2010-06-15,109.328125
2010-06-16,109.375
2010-06-17,109.4453125
2010-06-18,109.40625
2010-06-21,109.4140625
2010-06-22,109.4765625
2010-06-23,109.5703125
2010-06-24,109.53125
2010-06-25,109.6015625
2010-06-28,109.609375
2010-06-29,109.671875
2010-06-30,109.671875
2010-07-01,109.3984375
2010-07-02,109.4140625
2010-07-06,109.421875
2010-07-07,109.40625
2010-07-08,109.421875
2010-07-09,109.3828125
2010-07-12,109.390625
2010-07-13,109.328125
2010-07-14,109.4609375
2010-07-15,109.453125
2010-07-16,109.46875
2010-07-19,109.46875
2010-07-20,109.5078125
2010-07-21,109.546875
2010-07-22,109.5234375
2010-07-23,109.484375
2010-07-26,109.4375
2010-07-27,109.328125
2010-07-28,109.4453125
2010-07-29,109.46875
2010-07-30,109.5625
2010-08-02,109.5390625
2010-08-03,109.59375
2010-08-04,109.5390625
2010-08-05,109.6015625
2010-08-06,109.6484375
2010-08-09,109.6015625
2010-08-10,109.6015625
2010-08-11,109.625
2010-08-12,109.5546875
2010-08-13,109.5859375
2010-08-16,109.65625
2010-08-17,109.6328125
2010-08-18,109.6640625
2010-08-19,109.6953125
2010-08-20,109.6875
2010-08-23,109.6953125
2010-08-24,109.703125
2010-08-25,109.6484375
2010-08-26,109.640625
2010-08-27,109.5546875
2010-08-30,109.703125
2010-08-31,109.71875
2010-09-01,109.6796875
2010-09-02,109.6796875
2010-09-03,109.6640625
2010-09-07,109.7109375
2010-09-08,109.6484375
2010-09-09,109.546875
2010-09-10,109.5546875
2010-09-13,109.6484375
2010-09-14,109.6953125
2010-09-15,109.734375
2010-09-16,109.7421875
2010-09-17,109.765625
2010-09-20,109.78125
2010-09-21,109.84375
2010-09-22,109.8359375
2010-09-23,109.84375
2010-09-24,109.8203125
2010-09-27,109.84375
2010-09-28,109.8828125
2010-09-29,109.8828125
2010-09-30,109.9140625
2010-10-01,109.7578125
2010-10-04,109.7734375
2010-10-05,109.7734375
2010-10-06,109.828125
2010-10-07,109.8828125
2010-10-08,109.9140625
2010-10-11,109.9296875
2010-10-12,109.875
2010-10-13,109.90625
2010-10-14,109.859375
2010-10-15,109.8984375
2010-10-18,109.8984375
2010-10-19,109.90625
2010-10-20,109.9296875
2010-10-21,109.921875
2010-10-22,109.921875
2010-10-25,109.921875
2010-10-26,109.84375
2010-10-27,109.828125
2010-10-28,109.9296875
2010-10-29,109.9921875
2010-11-01,109.984375
2010-11-02,109.9765625
2010-11-03,110.0
2010-11-04,110.0
2010-11-05,109.9375
2010-11-08,109.875
2010-11-09,109.8046875
2010-11-10,109.8203125
2010-11-11,109.640625
2010-11-12,109.671875
2010-11-15,109.640625
2010-11-16,109.6640625
2010-11-17,109.6875
2010-11-18,109.6640625
2010-11-19,109.6484375
2010-11-22,109.7109375
2010-11-23,109.7890625
2010-11-24,109.6171875
2010-11-26,109.640625
2010-11-29,109.671875
2010-11-30,109.78125
2010-12-01,109.6484375
2010-12-02,109.6328125
2010-12-03,109.75
2010-12-06,109.84375
2010-12-07,109.609375
2010-12-08,109.4765625
2010-12-09,109.5
2010-12-10,109.5234375
2010-12-13,109.546875
2010-12-14,109.4921875
2010-12-15,109.4609375
2010-12-16,109.46875
2010-12-17,109.5859375
2010-12-20,109.59375
2010-12-21,109.5390625
2010-12-22,109.5234375
2010-12-23,109.4765625
2010-12-27,109.4765625
2010-12-28,109.4140625
2010-12-29,109.6171875
2010-12-30,109.5625
2010-12-31,109.640625
2011-01-03,109.4296875
2011-01-04,109.3984375
2011-01-05,109.1640625
2011-01-06,109.265625
2011-01-07,109.4296875
2011-01-10,109.484375
2011-01-11,109.46875
2011-01-12,109.4609375
2011-01-13,109.5
2011-01-14,109.4921875
2011-01-18,109.4921875
2011-01-19,109.5234375
2011-01-20,109.390625
2011-01-21,109.4296875
2011-01-24,109.421875
2011-01-25,109.5078125
2011-01-26,109.4609375
2011-01-27,109.5703125
2011-01-28,109.640625
2011-01-31,109.59375
2011-02-01,109.5
2011-02-02,109.3984375
2011-02-03,109.3203125
2011-02-04,109.1953125
2011-02-07,109.1796875
2011-02-08,109.03125
2011-02-09,109.1484375
2011-02-10,109.0546875
2011-02-11,109.0625
2011-02-14,109.0546875
2011-02-15,109.0859375
2011-02-16,109.0625
2011-02-17,109.2109375
2011-02-18,109.25
2011-02-22,109.359375
2011-02-23,109.359375
2011-02-24,109.3984375
2011-02-25,109.421875
2011-02-28,109.4921875
2011-03-01,109.5390625
2011-03-02,109.4921875
2011-03-03,109.3125
2011-03-04,109.5078125
2011-03-07,109.4765625
2011-03-08,109.4296875
2011-03-09,109.4921875
2011-03-10,109.5859375
2011-03-11,109.6171875
2011-03-14,109.6875
2011-03-15,109.65625
2011-03-16,109.75
2011-03-17,109.7109375
2011-03-18,109.703125
2011-03-21,109.625
2011-03-22,109.5859375
2011-03-23,109.5859375
2011-03-24,109.53125
2011-03-25,109.4140625
2011-03-28,109.3828125
2011-03-29,109.3671875
2011-03-30,109.4140625
2011-03-31,109.4765625
2011-04-01,109.015625
2011-04-04,109.078125
2011-04-05,108.96875
2011-04-06,108.9453125
2011-04-07,109.0390625
2011-04-08,109.0078125
2011-04-11,108.9921875
2011-04-12,109.1484375
2011-04-13,109.1953125
2011-04-14,109.1328125
2011-04-15,109.2890625
2011-04-18,109.3671875
2011-04-19,109.3828125
2011-04-20,109.3515625
2011-04-21,109.3671875
2011-04-25,109.4296875
2011-04-26,109.484375
2011-04-27,109.4765625
2011-04-28,109.546875
2011-04-29,109.5625
2011-05-02,109.5859375
2011-05-03,109.609375
2011-05-04,109.6171875
2011-05-05,109.6328125
2011-05-06,109.6953125
2011-05-09,109.7265625
2011-05-10,109.6484375
2011-05-11,109.71875
2011-05-12,109.703125
2011-05-13,109.7421875
2011-05-16,109.7734375
2011-05-17,109.765625
2011-05-18,109.71875
2011-05-19,109.7734375
2011-05-20,109.8125
2011-05-23,109.7734375
2011-05-24,109.796875
2011-05-25,109.8046875
2011-05-26,109.90625
2011-05-27,109.9140625
2011-05-31,109.9609375
2011-06-01,109.9921875
2011-06-02,109.9453125
2011-06-03,110.0078125
2011-06-06,110.015625
2011-06-07,110.0546875
2011-06-08,110.0703125
2011-06-09,110.0
2011-06-10,110.0390625
2011-06-13,110.046875
2011-06-14,109.9453125
2011-06-15,110.0390625
2011-06-16,110.015625
2011-06-17,110.015625
2011-06-20,110.0390625
2011-06-21,110.0546875
2011-06-22,110.046875
2011-06-23,110.09375
2011-06-24,110.109375
2011-06-27,110.03125
2011-06-28,109.8828125
2011-06-29,109.953125
2011-06-30,109.953125
2011-07-01,109.625
2011-07-05,109.734375
2011-07-06,109.765625
2011-07-07,109.640625
2011-07-08,109.84375
2011-07-11,109.90625
2011-07-12,109.8828125
2011-07-13,109.9140625
2011-07-14,109.8984375
2011-07-15,109.921875
2011-07-18,109.921875
2011-07-19,109.890625
2011-07-20,109.8828125
2011-07-21,109.8203125
2011-07-22,109.859375
2011-07-25,109.8046875
2011-07-26,109.859375
2011-07-27,109.78125
2011-07-28,109.84375
2011-07-29,109.9609375
2011-08-01,109.9609375
2011-08-02,110.0390625
2011-08-03,110.0234375
2011-08-04,110.1171875
2011-08-05,110.1015625
2011-08-08,110.1796875
2011-08-09,110.328125
2011-08-10,110.3125
2011-08-11,110.328125
2011-08-12,110.3125
2011-08-15,110.296875
2011-08-16,110.3046875
2011-08-17,110.2890625
2011-08-18,110.28125
2011-08-19,110.2734375
2011-08-22,110.2734375
2011-08-23,110.25
2011-08-24,110.2109375
2011-08-25,110.2578125
2011-08-26,110.28125
2011-08-29,110.2578125
2011-08-30,110.2734375
2011-08-31,110.265625
2011-09-01,110.28125
2011-09-02,110.25
2011-09-06,110.2734375
2011-09-07,110.265625
2011-09-08,110.2890625
2011-09-09,110.328125
2011-09-12,110.25
2011-09-13,110.2578125
2011-09-14,110.2890625
2011-09-15,110.296875
2011-09-16,110.3359375
2011-09-19,110.3671875
2011-09-20,110.3515625
2011-09-21,110.2734375
2011-09-22,110.25
2011-09-23,110.2265625
2011-09-26,110.1953125
2011-09-27,110.1796875
2011-09-28,110.1640625
2011-09-29,110.1640625
2011-09-30,110.1640625
2011-10-03,110.140625
2011-10-04,110.125
2011-10-05,110.1015625
2011-10-06,110.078125
2011-10-07,110.0234375
2011-10-10,109.9765625
2011-10-11,109.9921875
2011-10-12,110.0390625
2011-10-13,110.0625
2011-10-14,110.109375
2011-10-17,110.0859375
2011-10-18,110.09375
2011-10-19,110.1015625
2011-10-20,110.1015625
2011-10-21,110.09375
2011-10-24,110.078125
2011-10-25,110.1328125
2011-10-26,110.0703125
2011-10-27,110.015625
2011-10-28,110.0703125
2011-10-31,110.140625
2011-11-01,110.1875
2011-11-02,110.2109375
2011-11-03,110.1953125
2011-11-04,110.21875
2011-11-07,110.203125
2011-11-08,110.1953125
2011-11-09,110.21875
2011-11-10,110.21875
2011-11-11,110.171875
2011-11-14,110.21875
2011-11-15,110.1953125
2011-11-16,110.171875
2011-11-17,110.15625
2011-11-18,110.1171875
2011-11-21,110.15625
2011-11-22,110.1953125
2011-11-23,110.1796875
2011-11-25,110.1640625
2011-11-28,110.203125
2011-11-29,110.1875
2011-11-30,110.1953125
2011-12-01,110.1796875
2011-12-02,110.1953125
2011-12-05,110.1796875
2011-12-06,110.1953125
2011-12-07,110.234375
2011-12-08,110.2578125
2011-12-09,110.2421875
2011-12-12,110.2578125
2011-12-13,110.2421875
2011-12-14,110.2109375
2011-12-15,110.21875
2011-12-16,110.2421875
2011-12-19,110.234375
2011-12-20,110.1953125
2011-12-21,110.1640625
2011-12-22,110.1484375
2011-12-23,110.1171875
2011-12-27,110.1171875
2011-12-28,110.1640625
2011-12-29,110.171875
2011-12-30,110.1953125
2012-01-03,110.2421875
2012-01-04,110.2421875
2012-01-05,110.25
2012-01-06,110.2578125
2012-01-09,110.28125
2012-01-10,110.28125
2012-01-11,110.3203125
2012-01-12,110.328125
2012-01-13,110.34375
2012-01-17,110.3515625
2012-01-18,110.328125
2012-01-19,110.3203125
2012-01-20,110.3046875
2012-01-23,110.3125
2012-01-24,110.3125
2012-01-25,110.3671875
2012-01-26,110.390625
2012-01-27,110.3984375
2012-01-30,110.3984375
2012-01-31,110.375
2012-02-01,110.3671875
2012-02-02,110.3671875
2012-02-03,110.328125
2012-02-06,110.3515625
2012-02-07,110.3125
2012-02-08,110.3046875
2012-02-09,110.2734375
2012-02-10,110.2734375
2012-02-13,110.2265625
2012-02-14,110.21875
2012-02-15,110.234375
2012-02-16,110.203125
2012-02-17,110.21875
2012-02-21,110.203125
2012-02-22,110.2265625
2012-02-23,110.2109375
2012-02-24,110.1875
2012-02-27,110.234375
2012-02-28,110.2421875
2012-02-29,110.2109375
2012-03-01,110.234375
2012-03-02,110.2578125
2012-03-05,110.2109375
2012-03-06,110.265625
2012-03-07,110.203125
2012-03-08,110.1875
2012-03-09,110.15625
2012-03-12,110.1640625
2012-03-13,110.1328125
2012-03-14,110.03125
2012-03-15,110.078125
2012-03-16,110.09375
2012-03-19,110.0546875
2012-03-20,110.0390625
2012-03-21,110.09375
2012-03-22,110.09375
2012-03-23,110.125
2012-03-26,110.140625
2012-03-27,110.1796875
2012-03-28,110.1640625
2012-03-29,110.1640625
2012-03-30,110.1484375
2012-04-02,110.09375
2012-04-03,110.0078125
2012-04-04,110.0390625
2012-04-05,110.046875
2012-04-09,110.1171875
2012-04-10,110.1875
2012-04-11,110.1796875
2012-04-12,110.1953125
2012-04-13,110.21875
2012-04-16,110.2265625
2012-04-17,110.21875
2012-04-18,110.234375
2012-04-19,110.234375
2012-04-20,110.234375
2012-04-23,110.265625
2012-04-24,110.25
2012-04-25,110.25
2012-04-26,110.2734375
2012-04-27,110.265625
2012-04-30,110.2734375
2012-05-01,110.2578125
2012-05-02,110.2578125
2012-05-03,110.265625
2012-05-04,110.28125
2012-05-07,110.2734375
2012-05-08,110.28125
2012-05-09,110.28125
2012-05-10,110.2734375
2012-05-11,110.2734375
2012-05-14,110.265625
2012-05-15,110.2421875
2012-05-16,110.21875
2012-05-17,110.1953125
2012-05-18,110.203125
2012-05-21,110.203125
2012-05-22,110.1953125
2012-05-23,110.2265625
2012-05-24,110.1953125
2012-05-25,110.21875
2012-05-29,110.2109375
2012-05-30,110.2421875
2012-05-31,110.2578125
2012-06-01,110.28125
2012-06-04,110.265625
2012-06-05,110.2734375
2012-06-06,110.2421875
2012-06-07,110.234375
2012-06-08,110.2265625
2012-06-11,110.21875
2012-06-12,110.1875
2012-06-13,110.1796875
2012-06-14,110.171875
2012-06-15,110.203125
2012-06-18,110.1875
2012-06-19,110.1875
2012-06-20,110.1484375
2012-06-21,110.15625
2012-06-22,110.1484375
2012-06-25,110.15625
2012-06-26,110.15625
2012-06-27,110.15625
2012-06-28,110.15625
2012-06-29,110.140625
2012-07-02,110.1328125
2012-07-03,110.1015625
2012-07-05,110.140625
2012-07-06,110.1796875
2012-07-09,110.203125
2012-07-10,110.1953125
2012-07-11,110.203125
2012-07-12,110.2265625
2012-07-13,110.2421875
2012-07-16,110.296875
2012-07-17,110.265625
2012-07-18,110.296875
2012-07-19,110.3125
2012-07-20,110.328125
2012-07-23,110.3203125
2012-07-24,110.328125
2012-07-25,110.3125
2012-07-26,110.296875
2012-07-27,110.25
2012-07-30,110.296875
2012-07-31,110.3046875
2012-08-01,110.2734375
2012-08-02,110.28125
2012-08-03,110.2578125
2012-08-06,110.265625
2012-08-07,110.21875
2012-08-08,110.1875
2012-08-09,110.1875
2012-08-10,110.2109375
2012-08-13,110.2109375
2012-08-14,110.1953125
2012-08-15,110.1640625
2012-08-16,110.15625
2012-08-17,110.15625
2012-08-20,110.1640625
2012-08-21,110.1484375
2012-08-22,110.1953125
2012-08-23,110.21875
2012-08-24,110.1953125
2012-08-27,110.2109375
2012-08-28,110.1953125
2012-08-29,110.1796875
2012-08-30,110.2109375
2012-08-31,110.265625
2012-09-04,110.2421875
2012-09-05,110.234375
2012-09-06,110.1796875
2012-09-07,110.2109375
2012-09-10,110.21875
2012-09-11,110.2265625
2012-09-12,110.234375
2012-09-13,110.2578125
2012-09-14,110.21875
2012-09-17,110.21875
2012-09-18,110.21875
2012-09-19,110.1953125
2012-09-20,110.203125
2012-09-21,110.203125
2012-09-24,110.1875
2012-09-25,110.1953125
2012-09-26,110.2109375
2012-09-27,110.234375
2012-09-28,110.2421875
2012-10-01,110.265625
2012-10-02,110.265625
2012-10-03,110.28125
2012-10-04,110.25
2012-10-05,110.21875
2012-10-08,110.2265625
2012-10-09,110.21875
2012-10-10,110.2109375
2012-10-11,110.203125
2012-10-12,110.21875
2012-10-15,110.2265625
2012-10-16,110.1953125
2012-10-17,110.140625
2012-10-18,110.140625
2012-10-19,110.1328125
2012-10-22,110.1171875
2012-10-23,110.1484375
2012-10-24,110.15625
2012-10-25,110.109375
2012-10-26,110.140625
2012-10-31,110.1640625
2012-11-01,110.1796875
2012-11-02,110.171875
2012-11-05,110.1953125
2012-11-06,110.1640625
2012-11-07,110.21875
2012-11-08,110.234375
2012-11-09,110.2265625
2012-11-12,110.234375
2012-11-13,110.25
2012-11-14,110.25
2012-11-15,110.2578125
2012-11-16,110.2578125
2012-11-19,110.25
2012-11-20,110.21875
2012-11-21,110.1953125
2012-11-23,110.1953125
2012-11-26,110.203125
2012-11-27,110.2109375
2012-11-28,110.2265625
2012-11-29,110.2265625
2012-11-30,110.2421875
2012-12-03,110.234375
2012-12-04,110.2578125
2012-12-05,110.25
2012-12-06,110.25
2012-12-07,110.2578125
2012-12-10,110.2578125
2012-12-11,110.2578125
2012-12-12,110.25
2012-12-13,110.25
2012-12-14,110.28125
2012-12-17,110.265625
2012-12-18,110.2109375
2012-12-19,110.2109375
2012-12-20,110.2109375
2012-12-21,110.2265625
2012-12-24,110.2265625
2012-12-26,110.2265625
2012-12-27,110.25
2012-12-28,110.2578125
2012-12-31,110.2578125
2013-01-02,110.21875
2013-01-03,110.1953125
2013-01-04,110.1796875
2013-01-07,110.1796875
2013-01-08,110.2109375
2013-01-09,110.2421875
2013-01-10,110.2265625
2013-01-11,110.234375
2013-01-14,110.2421875
2013-01-15,110.2421875
2013-01-16,110.234375
2013-01-17,110.203125
2013-01-18,110.21875
2013-01-22,110.234375
2013-01-23,110.234375
2013-01-24,110.234375
2013-01-25,110.15625
2013-01-28,110.140625
2013-01-29,110.1796875
2013-01-30,110.1875
2013-01-31,110.2109375
2013-02-01,110.2109375
2013-02-04,110.21875
2013-02-05,110.203125
2013-02-06,110.234375
2013-02-07,110.2265625
2013-02-08,110.2265625
2013-02-11,110.21875
2013-02-12,110.1953125
2013-02-13,110.1796875
2013-02-14,110.203125
2013-02-15,110.1953125
2013-02-19,110.1875
2013-02-20,110.203125
2013-02-21,110.21875
2013-02-22,110.2265625
2013-02-25,110.25
2013-02-26,110.265625
2013-02-27,110.25
2013-02-28,110.2578125
2013-03-01,110.265625
2013-03-04,110.265625
2013-03-05,110.2578125
2013-03-06,110.2421875
2013-03-07,110.2265625
2013-03-08,110.2265625
2013-03-11,110.21875
2013-03-12,110.21875
2013-03-13,110.2109375
2013-03-14,110.1953125
2013-03-15,110.2265625
2013-03-18,110.2265625
2013-03-19,110.25
2013-03-20,110.234375
2013-03-21,110.21875
2013-03-22,110.2265625
2013-03-25,110.234375
2013-03-26,110.234375
2013-03-27,110.234375
2013-03-28,110.25
2013-04-01,110.2265625
2013-04-02,110.2265625
2013-04-03,110.2578125
2013-04-04,110.2578125
2013-04-05,110.2578125
2013-04-08,110.2578125
2013-04-09,110.25
2013-04-10,110.25
2013-04-11,110.25
2013-04-12,110.2578125
2013-04-15,110.265625
2013-04-16,110.265625
2013-04-17,110.265625
2013-04-18,110.265625
2013-04-19,110.2578125
2013-04-22,110.2734375
2013-04-23,110.2734375
2013-04-24,110.265625
2013-04-25,110.28125
2013-04-26,110.3046875
2013-04-29,110.3125
2013-04-30,110.3125
2013-05-01,110.328125
2013-05-02,110.328125
2013-05-03,110.296875
2013-05-06,110.296875
2013-05-07,110.28125
2013-05-08,110.28125
2013-05-09,110.28125
2013-05-10,110.2578125
2013-05-13,110.25
2013-05-14,110.25
2013-05-15,110.2578125
2013-05-16,110.28125
2013-05-17,110.2421875
2013-05-20,110.25
2013-05-21,110.2578125
2013-05-22,110.234375
2013-05-23,110.2421875
2013-05-24,110.234375
2013-05-28,110.171875
2013-05-29,110.171875
2013-05-30,110.171875
2013-05-31,110.1640625
2013-06-03,110.1796875
2013-06-04,110.1796875
2013-06-05,110.1875
2013-06-06,110.1953125
2013-06-07,110.1796875
2013-06-10,110.15625
2013-06-11,110.1484375
2013-06-12,110.1328125
2013-06-13,110.1640625
2013-06-14,110.234375
2013-06-17,110.2421875
2013-06-18,110.25
2013-06-19,110.1953125
2013-06-20,110.1484375
2013-06-21,110.0703125
2013-06-24,110.0234375
2013-06-25,110.0078125
2013-06-26,110.0703125
2013-06-27,110.140625
2013-06-28,110.09375
2013-07-01,110.0
2013-07-02,110.0078125
2013-07-03,109.96875
2013-07-05,109.90625
2013-07-08,109.96875
2013-07-09,109.96875
2013-07-10,109.9765625
2013-07-11,110.0546875
2013-07-12,110.0234375
2013-07-15,110.0625
2013-07-16,110.0859375
2013-07-17,110.125
2013-07-18,110.109375
2013-07-19,110.1328125
2013-07-22,110.125
2013-07-23,110.1171875
2013-07-24,110.078125
2013-07-25,110.09375
2013-07-26,110.15625
2013-07-29,110.1484375
2013-07-30,110.140625
2013-07-31,110.15625
2013-08-01,110.109375
2013-08-02,110.171875
2013-08-05,110.15625
2013-08-06,110.1640625
2013-08-07,110.171875
2013-08-08,110.1796875
2013-08-09,110.171875
2013-08-12,110.171875
2013-08-13,110.1171875
2013-08-14,110.125
2013-08-15,110.09375
2013-08-16,110.0703125
2013-08-19,110.0625
2013-08-20,110.09375
2013-08-21,110.0546875
2013-08-22,109.9921875
2013-08-23,110.0078125
2013-08-26,110.03125
2013-08-27,110.0625
2013-08-28,110.03125
2013-08-29,110.0390625
2013-08-30,110.0625
2013-09-03,110.0
2013-09-04,109.9140625
2013-09-05,109.8203125
2013-09-06,109.921875
2013-09-09,109.9609375
2013-09-10,109.90625
2013-09-11,109.9609375
2013-09-12,109.984375
2013-09-13,109.9765625
2013-09-16,110.0625
2013-09-17,110.1015625
2013-09-18,110.1875
2013-09-19,110.1796875
2013-09-20,110.1796875
2013-09-23,110.1640625
2013-09-24,110.171875
2013-09-25,110.1875
2013-09-26,110.1875
2013-09-27,110.203125
2013-09-30,110.1875
2013-10-01,110.1015625
2013-10-02,110.1328125
2013-10-03,110.1484375
2013-10-04,110.125
2013-10-07,110.0859375
2013-10-08,110.015625
2013-10-09,110.078125
2013-10-10,110.0859375
2013-10-11,110.109375
2013-10-14,110.0546875
2013-10-15,110.0859375
2013-10-16,110.1171875
2013-10-17,110.1484375
2013-10-18,110.1484375
2013-10-21,110.140625
2013-10-22,110.1875
2013-10-23,110.15625
2013-10-24,110.1484375
2013-10-25,110.171875
2013-10-28,110.171875
2013-10-29,110.1875
2013-10-30,110.1953125
2013-10-31,110.2109375
2013-11-01,110.1953125
2013-11-04,110.21875
2013-11-05,110.21875
2013-11-06,110.25
2013-11-07,110.2578125
2013-11-08,110.2109375
2013-11-11,110.203125
2013-11-12,110.171875
2013-11-13,110.1953125
2013-11-14,110.25
2013-11-15,110.2421875
2013-11-18,110.265625
2013-11-19,110.234375
2013-11-20,110.28125
2013-11-21,110.2890625
2013-11-22,110.265625
2013-11-25,110.2578125
2013-11-26,110.2734375
2013-11-27,110.2890625
2013-11-29,110.2890625
2013-12-02,110.28125
2013-12-03,110.28125
2013-12-04,110.265625
2013-12-05,110.25
2013-12-06,110.2421875
2013-12-09,110.234375
2013-12-10,110.25
2013-12-11,110.234375
2013-12-12,110.1875
2013-12-13,110.1953125
2013-12-16,110.1875
2013-12-17,110.203125
2013-12-18,110.234375
2013-12-19,110.1796875
2013-12-20,110.171875
2013-12-23,110.1875
2013-12-24,110.1796875
2013-12-26,110.1640625
2013-12-27,110.1796875
2013-12-30,110.21875
2013-12-31,110.1640625
2014-01-02,109.90625
2014-01-03,109.875
2014-01-06,109.8984375
2014-01-07,109.90625
2014-01-08,109.828125
2014-01-09,109.828125
2014-01-10,109.953125
2014-01-13,109.9921875
2014-01-14,109.9296875
2014-01-15,109.90625
2014-01-16,109.9140625
2014-01-17,109.9296875
2014-01-21,109.9375
2014-01-22,109.8828125
2014-01-23,109.96875
2014-01-24,110.0
2014-01-27,109.9921875
2014-01-28,110.015625
2014-01-29,110.0703125
2014-01-30,110.078125
2014-01-31,110.1015625
2014-02-03,110.15625
2014-02-04,110.140625
2014-02-05,110.125
2014-02-06,110.109375
2014-02-07,110.1484375
2014-02-10,110.140625
2014-02-11,110.1015625
2014-02-12,110.0703125
2014-02-13,110.125
2014-02-14,110.125
2014-02-18,110.15625
2014-02-19,110.125
2014-02-20,110.1171875
2014-02-21,110.1328125
2014-02-24,110.1171875
2014-02-25,110.1328125
2014-02-26,110.1640625
2014-02-27,110.1796875
2014-02-28,110.171875
2014-03-03,110.203125
2014-03-04,110.15625
2014-03-05,110.1640625
2014-03-06,110.125
2014-03-07,110.0625
2014-03-10,110.0703125
2014-03-11,110.0703125
2014-03-12,110.09375
2014-03-13,110.1328125
2014-03-14,110.1328125
2014-03-17,110.109375
2014-03-18,110.1328125
2014-03-19,110.0078125
2014-03-20,110.0
2014-03-21,110.015625
2014-03-24,109.984375
2014-03-25,110.015625
2014-03-26,110.0625
2014-03-27,110.0703125
2014-03-28,110.0703125
2014-03-31,110.109375
2014-04-01,109.7734375
2014-04-02,109.7265625
2014-04-03,109.7265625
2014-04-04,109.8203125
2014-04-07,109.859375
2014-04-08,109.8671875
2014-04-09,109.921875
2014-04-10,109.984375
2014-04-11,109.9765625
2014-04-14,109.9609375
2014-04-15,109.9453125
2014-04-16,109.9296875
2014-04-17,109.8828125
2014-04-21,109.890625
2014-04-22,109.8671875
2014-04-23,109.8984375
2014-04-24,109.890625
2014-04-25,109.9140625
2014-04-28,109.9140625
2014-04-29,109.890625
2014-04-30,109.9375
2014-05-01,109.953125
2014-05-02,109.921875
2014-05-05,109.9296875
2014-05-06,109.921875
2014-05-07,109.9765625
2014-05-08,110.0
2014-05-09,110.015625
2014-05-12,109.9921875
2014-05-13,110.015625
2014-05-14,110.0625
2014-05-15,110.078125
2014-05-16,110.0703125
2014-05-19,110.1015625
2014-05-20,110.1171875
2014-05-21,110.109375
2014-05-22,110.0859375
2014-05-23,110.109375
2014-05-27,110.09375
2014-05-28,110.1328125
2014-05-29,110.1328125
2014-05-30,110.1328125
2014-06-02,110.0859375
2014-06-03,110.0859375
2014-06-04,110.0703125
2014-06-05,110.1015625
2014-06-06,110.0703125
2014-06-09,110.03125
2014-06-10,110.015625
2014-06-11,110.015625
2014-06-12,110.03125
2014-06-13,109.984375
2014-06-16,109.953125
2014-06-17,109.921875
2014-06-18,109.9375
2014-06-19,109.984375
2014-06-20,109.9921875
2014-06-23,109.9921875
2014-06-24,109.984375
2014-06-25,110.0234375
2014-06-26,110.0546875
2014-06-27,110.0625
2014-06-30,110.0625
2014-07-01,109.7734375
2014-07-02,109.71875
2014-07-03,109.65625
2014-07-07,109.6484375
2014-07-08,109.6640625
2014-07-09,109.6796875
2014-07-10,109.765625
2014-07-11,109.7890625
2014-07-14,109.7578125
2014-07-15,109.71875
2014-07-16,109.6875
2014-07-17,109.734375
2014-07-18,109.7265625
2014-07-21,109.6875
2014-07-22,109.71875
2014-07-23,109.7421875
2014-07-24,109.703125
2014-07-25,109.7109375
2014-07-28,109.703125
2014-07-29,109.7109375
2014-07-30,109.65625
2014-07-31,109.7109375
2014-08-01,109.8359375
2014-08-04,109.8359375
2014-08-05,109.828125
2014-08-06,109.84375
2014-08-07,109.8828125
2014-08-08,109.875
2014-08-11,109.8671875
2014-08-12,109.875
2014-08-13,109.90625
2014-08-14,109.9140625
2014-08-15,109.9296875
2014-08-18,109.921875
2014-08-19,109.90625
2014-08-20,109.8203125
2014-08-21,109.828125
2014-08-22,109.796875
2014-08-25,109.7734375
2014-08-26,109.796875
2014-08-27,109.828125
2014-08-28,109.8515625
2014-08-29,109.8828125
2014-09-02,109.8203125
2014-09-03,109.8359375
2014-09-04,109.8125
2014-09-05,109.8671875
2014-09-08,109.828125
2014-09-09,109.78125
2014-09-10,109.765625
2014-09-11,109.7890625
2014-09-12,109.796875
2014-09-15,109.828125
2014-09-16,109.859375
2014-09-17,109.8203125
2014-09-18,109.8046875
2014-09-19,109.8125
2014-09-22,109.859375
2014-09-23,109.890625
2014-09-24,109.859375
2014-09-25,109.9140625
2014-09-26,109.875
2014-09-29,109.8828125
2014-09-30,109.8984375
2014-10-01,109.5546875
2014-10-02,109.5390625
2014-10-03,109.4765625
2014-10-06,109.5546875
2014-10-07,109.6015625
2014-10-08,109.71875
2014-10-09,109.734375
2014-10-10,109.765625
2014-10-13,109.84375
2014-10-14,109.90625
2014-10-15,110.0625
2014-10-16,109.984375
2014-10-17,109.9140625
2014-10-20,109.96875
2014-10-21,109.9609375
2014-10-22,109.9296875
2014-10-23,109.890625
2014-10-24,109.90625
2014-10-27,109.9375
2014-10-28,109.9296875
2014-10-29,109.8046875
2014-10-30,109.8125
2014-10-31,109.78125
2014-11-03,109.75
2014-11-04,109.75
2014-11-05,109.7265625
2014-11-06,109.6953125
2014-11-07,109.78125
2014-11-10,109.7109375
2014-11-11,109.6875
2014-11-12,109.7109375
2014-11-13,109.7578125
2014-11-14,109.78125
2014-11-17,109.7890625
2014-11-18,109.796875
2014-11-19,109.7734375
2014-11-20,109.8125
2014-11-21,109.828125
2014-11-24,109.84375
2014-11-25,109.890625
2014-11-26,109.9140625
2014-11-28,109.9609375
2014-12-01,109.9609375
2014-12-02,109.8984375
2014-12-03,109.8515625
2014-12-04,109.8828125
2014-12-05,109.6875
2014-12-08,109.703125
2014-12-09,109.71875
2014-12-10,109.8125
2014-12-11,109.75
2014-12-12,109.8671875
2014-12-15,109.7890625
2014-12-16,109.84375
2014-12-17,109.75
2014-12-18,109.71875
2014-12-19,109.6875
2014-12-22,109.6640625
2014-12-23,109.6015625
2014-12-24,109.5859375
2014-12-26,109.5859375
2014-12-29,109.6328125
2014-12-30,109.6640625
2014-12-31,109.671875
2015-01-02,109.3203125
2015-01-05,109.3359375
2015-01-06,109.40625
2015-01-07,109.453125
2015-01-08,109.46875
2015-01-09,109.5390625
2015-01-12,109.59375
2015-01-13,109.6484375
2015-01-14,109.7421875
2015-01-15,109.8359375
2015-01-16,109.765625
2015-01-20,109.75
2015-01-21,109.7265625
2015-01-22,109.6796875
2015-01-23,109.7421875
2015-01-26,109.6875
2015-01-27,109.71875
2015-01-28,109.796875
2015-01-29,109.7734375
2015-01-30,109.8828125
2015-02-02,109.890625
2015-02-03,109.8203125
2015-02-04,109.796875
2015-02-05,109.78125
2015-02-06,109.5234375
2015-02-09,109.53125
2015-02-10,109.5078125
2015-02-11,109.515625
2015-02-12,109.5625
2015-02-13,109.5546875
2015-02-17,109.4921875
2015-02-18,109.640625
2015-02-19,109.59375
2015-02-20,109.546875
2015-02-23,109.6328125
2015-02-24,109.7421875
2015-02-25,109.7265625
2015-02-26,109.65625
2015-02-27,109.703125
2015-03-02,109.625
2015-03-03,109.5859375
2015-03-04,109.6171875
2015-03-05,109.6640625
2015-03-06,109.4921875
2015-03-09,109.5703125
2015-03-10,109.609375
2015-03-11,109.6015625
2015-03-12,109.6640625
2015-03-13,109.6796875
2015-03-16,109.65625
2015-03-17,109.6328125
2015-03-18,109.84375
2015-03-19,109.734375
2015-03-20,109.78125
2015-03-23,109.796875
2015-03-24,109.8359375
2015-03-25,109.84375
2015-03-26,109.796875
2015-03-27,109.8671875
2015-03-30,109.84375
2015-03-31,109.9140625
2015-04-01,109.6171875
2015-04-02,109.609375
2015-04-06,109.6953125
2015-04-07,109.65625
2015-04-08,109.6484375
2015-04-09,109.609375
2015-04-10,109.578125
2015-04-13,109.625
2015-04-14,109.671875
2015-04-15,109.7109375
2015-04-16,109.7578125
2015-04-17,109.71875
2015-04-20,109.6640625
2015-04-21,109.671875
2015-04-22,109.6328125
2015-04-23,109.6640625
2015-04-24,109.7265625
2015-04-27,109.7109375
2015-04-28,109.6875
2015-04-29,109.671875
2015-04-30,109.6328125
2015-05-01,109.5859375
2015-05-04,109.6015625
2015-05-05,109.546875
2015-05-06,109.515625
2015-05-07,109.53125
2015-05-08,109.65625
2015-05-11,109.5859375
2015-05-12,109.6171875
2015-05-13,109.6875
2015-05-14,109.7578125
2015-05-15,109.765625
2015-05-18,109.703125
2015-05-19,109.6328125
2015-05-20,109.671875
2015-05-21,109.6875
2015-05-22,109.6015625
2015-05-26,109.6328125
2015-05-27,109.6328125
2015-05-28,109.6875
2015-05-29,109.734375
2015-06-01,109.6484375
2015-06-02,109.625
2015-06-03,109.5703125
2015-06-04,109.6015625
2015-06-05,109.515625
2015-06-08,109.6015625
2015-06-09,109.5390625
2015-06-10,109.5078125
2015-06-11,109.5234375
2015-06-12,109.5234375
2015-06-15,109.5859375
2015-06-16,109.609375
2015-06-17,109.6953125
2015-06-18,109.703125
2015-06-19,109.7578125
2015-06-22,109.671875
2015-06-23,109.6484375
2015-06-24,109.6953125
2015-06-25,109.6875
2015-06-26,109.6328125
2015-06-29,109.7578125
2015-06-30,109.7578125
2015-07-01,109.3359375
2015-07-02,109.4609375
2015-07-06,109.5703125
2015-07-07,109.6171875
2015-07-08,109.6953125
2015-07-09,109.6015625
2015-07-10,109.4453125
2015-07-13,109.4296875
2015-07-14,109.5
2015-07-15,109.5390625
2015-07-16,109.453125
2015-07-17,109.4375
2015-07-20,109.3671875
2015-07-21,109.4140625
2015-07-22,109.3671875
2015-07-23,109.40625
2015-07-24,109.4375
2015-07-27,109.515625
2015-07-28,109.5
2015-07-29,109.4609375
2015-07-30,109.40625
2015-07-31,109.53125
2015-08-03,109.5546875
2015-08-04,109.4140625
2015-08-05,109.390625
2015-08-06,109.4296875
2015-08-07,109.3828125
2015-08-10,109.390625
2015-08-11,109.515625
2015-08-12,109.5703125
2015-08-13,109.453125
2015-08-14,109.421875
2015-08-17,109.4609375
2015-08-18,109.4453125
2015-08-19,109.5625
2015-08-20,109.515625
2015-08-21,109.609375
2015-08-24,109.75
2015-08-25,109.6015625
2015-08-26,109.6328125
2015-08-27,109.6015625
2015-08-28,109.5078125
2015-08-31,109.4609375
2015-09-01,109.515625
2015-09-02,109.5
2015-09-03,109.5546875
2015-09-04,109.5625
2015-09-08,109.5
2015-09-09,109.5078125
2015-09-10,109.515625
2015-09-11,109.546875
2015-09-14,109.515625
2015-09-15,109.3984375
2015-09-16,109.328125
2015-09-17,109.53125
2015-09-18,109.578125
2015-09-21,109.5234375
2015-09-22,109.609375
2015-09-23,109.609375
2015-09-24,109.640625
2015-09-25,109.6171875
2015-09-28,109.6640625
2015-09-29,109.7109375
2015-09-30,109.71875
2015-10-01,109.5
2015-10-02,109.65625
2015-10-05,109.5859375
2015-10-06,109.609375
2015-10-07,109.5625
2015-10-08,109.546875
2015-10-09,109.53125
2015-10-12,109.5546875
2015-10-13,109.5859375
2015-10-14,109.71875
2015-10-15,109.6328125
2015-10-16,109.6015625
2015-10-19,109.6328125
2015-10-20,109.5546875
2015-10-21,109.5703125
2015-10-22,109.625
2015-10-23,109.546875
2015-10-26,109.546875
2015-10-27,109.6015625
2015-10-28,109.40625
2015-10-29,109.359375
2015-10-30,109.328125
2015-11-02,109.28125
2015-11-03,109.2421875
2015-11-04,109.1640625
2015-11-05,109.1640625
2015-11-06,109.0546875
2015-11-09,109.078125
2015-11-10,109.125
2015-11-11,109.0703125
2015-11-12,109.0859375
2015-11-13,109.1328125
2015-11-16,109.15625
2015-11-17,109.140625
2015-11-18,109.1015625
2015-11-19,109.0703125
2015-11-20,109.046875
2015-11-23,109.03125
2015-11-24,109.0546875
2015-11-25,109.0546875
2015-11-27,109.0625
2015-11-30,109.0390625
2015-12-01,109.0859375
2015-12-02,109.015625
2015-12-03,108.9921875
2015-12-04,108.9765625
2015-12-07,109.0
2015-12-08,108.984375
2015-12-09,109.0390625
2015-12-10,109.0078125
2015-12-11,109.125
2015-12-14,109.0078125
2015-12-15,109.0
2015-12-16,108.90625
2015-12-17,108.890625
2015-12-18,108.953125
2015-12-21,108.9453125
2015-12-22,108.8828125
2015-12-23,108.875
2015-12-24,108.8828125
2015-12-28,108.8828125
2015-12-29,108.8125
2015-12-30,108.84375
2015-12-31,108.8515625
2016-01-04,108.6640625
2016-01-05,108.6640625
2016-01-06,108.765625
2016-01-07,108.8203125
2016-01-08,108.8515625
2016-01-11,108.8984375
2016-01-12,108.921875
2016-01-13,108.953125
2016-01-14,108.984375
2016-01-15,109.09375
2016-01-19,109.0703125
2016-01-20,109.15625
2016-01-21,109.1484375
2016-01-22,109.09375
2016-01-25,109.1015625
2016-01-26,109.15625
2016-01-27,109.1796875
2016-01-28,109.2109375
2016-01-29,109.3125
2016-02-01,109.234375
2016-02-02,109.359375
2016-02-03,109.3984375
2016-02-04,109.4296875
2016-02-05,109.3984375
2016-02-08,109.546875
2016-02-09,109.5234375
2016-02-10,109.5078125
2016-02-11,109.6328125
2016-02-12,109.4921875
2016-02-16,109.453125
2016-02-17,109.390625
2016-02-18,109.4375
2016-02-19,109.3671875
2016-02-22,109.3359375
2016-02-23,109.359375
2016-02-24,109.390625
2016-02-25,109.4453125
2016-02-26,109.2734375
2016-02-29,109.2890625
2016-03-01,109.1640625
2016-03-02,109.15625
2016-03-03,109.171875
2016-03-04,109.109375
2016-03-07,109.0625
2016-03-08,109.125
2016-03-09,109.09375
2016-03-10,109.03125
2016-03-11,108.9765625
2016-03-14,108.96875
2016-03-15,108.9609375
2016-03-16,109.1484375
2016-03-17,109.1640625
2016-03-18,109.21875
2016-03-21,109.15625
2016-03-22,109.125
2016-03-23,109.1953125
2016-03-24,109.1796875
2016-03-28,109.1875
2016-03-29,109.359375
2016-03-30,109.4140625
2016-03-31,109.4140625
2016-04-01,109.3125
2016-04-04,109.34375
2016-04-05,109.390625
2016-04-06,109.3515625
2016-04-07,109.4296875
2016-04-08,109.40625
2016-04-11,109.40625
2016-04-12,109.3359375
2016-04-13,109.3203125
2016-04-14,109.3125
2016-04-15,109.359375
2016-04-18,109.3359375
2016-04-19,109.3125
2016-04-20,109.2109375
2016-04-21,109.1953125
2016-04-22,109.203125
2016-04-25,109.1796875
2016-04-26,109.1328125
2016-04-27,109.1796875
2016-04-28,109.28125
2016-04-29,109.3125
2016-05-02,109.2734375
2016-05-03,109.34375
2016-05-04,109.3671875
2016-05-05,109.4140625
2016-05-06,109.3828125
2016-05-09,109.4375
2016-05-10,109.4140625
2016-05-11,109.3984375
2016-05-12,109.328125
2016-05-13,109.34375
2016-05-16,109.265625
2016-05-17,109.1953125
2016-05-18,109.0234375
2016-05-19,109.078125
2016-05-20,109.0625
2016-05-23,109.046875
2016-05-24,109.0234375
2016-05-25,109.0390625
2016-05-26,109.1328125
2016-05-27,109.1015625
2016-05-31,109.125
2016-06-01,109.0703125
2016-06-02,109.09375
2016-06-03,109.3203125
2016-06-06,109.28125
2016-06-07,109.3125
2016-06-08,109.3125
2016-06-09,109.3515625
2016-06-10,109.421875
2016-06-13,109.453125
2016-06-14,109.4375
2016-06-15,109.5078125
2016-06-16,109.5
2016-06-17,109.484375
2016-06-20,109.4140625
2016-06-21,109.3984375
2016-06-22,109.421875
2016-06-23,109.3359375
2016-06-24,109.6015625
2016-06-27,109.6875
2016-06-28,109.671875
2016-06-29,109.640625
2016-06-30,109.6171875
2016-07-01,109.6328125
2016-07-05,109.7109375
2016-07-06,109.6484375
2016-07-07,109.6328125
2016-07-08,109.59375
2016-07-11,109.5078125
2016-07-12,109.4375
2016-07-13,109.46875
2016-07-14,109.421875
2016-07-15,109.34375
2016-07-18,109.3671875
2016-07-19,109.375
2016-07-20,109.328125
2016-07-21,109.390625
2016-07-22,109.3515625
2016-07-25,109.296875
2016-07-26,109.296875
2016-07-27,109.375
2016-07-28,109.3828125
2016-07-29,109.5
2016-08-01,109.4609375
2016-08-02,109.46875
2016-08-03,109.4609375
2016-08-04,109.515625
2016-08-05,109.359375
2016-08-08,109.359375
2016-08-09,109.390625
2016-08-10,109.453125
2016-08-11,109.328125
2016-08-12,109.4140625
2016-08-15,109.375
2016-08-16,109.3203125
2016-08-17,109.328125
2016-08-18,109.3828125
2016-08-19,109.3125
2016-08-22,109.328125
2016-08-23,109.3046875
2016-08-24,109.296875
2016-08-25,109.265625
2016-08-26,109.140625
2016-08-29,109.2265625
2016-08-30,109.234375
2016-08-31,109.25
2016-09-01,109.265625
2016-09-02,109.25
2016-09-06,109.3515625
2016-09-07,109.34375
2016-09-08,109.265625
2016-09-09,109.234375
2016-09-12,109.28125
2016-09-13,109.21875
2016-09-14,109.3046875
2016-09-15,109.34375
2016-09-16,109.2578125
2016-09-19,109.265625
2016-09-20,109.2578125
2016-09-21,109.2421875
2016-09-22,109.265625
2016-09-23,109.3203125
2016-09-26,109.359375
2016-09-27,109.40625
2016-09-28,109.375
2016-09-29,109.3984375
2016-09-30,109.328125
2016-10-03,109.1484375
2016-10-04,109.1015625
2016-10-05,109.0546875
2016-10-06,109.03125
2016-10-07,109.03125
2016-10-11,108.9765625
2016-10-12,108.9609375
2016-10-13,109.0390625
2016-10-14,109.0390625
2016-10-17,109.0703125
2016-10-18,109.1015625
2016-10-19,109.1171875
2016-10-20,109.09375
2016-10-21,109.09375
2016-10-24,109.0703125
2016-10-25,109.0546875
2016-10-26,109.03125
2016-10-27,109.0
2016-10-28,109.046875
2016-10-31,109.0703125
2016-11-01,109.109375
2016-11-02,109.140625
2016-11-03,109.1640625
2016-11-04,109.2109375
2016-11-07,109.1640625
2016-11-08,109.078125
2016-11-09,109.015625
2016-11-10,109.0
2016-11-14,108.8359375
2016-11-15,108.8046875
2016-11-16,108.8125
2016-11-17,108.7578125
2016-11-18,108.703125
2016-11-21,108.671875
2016-11-22,108.6875
2016-11-23,108.609375
2016-11-25,108.6171875
2016-11-28,108.65625
2016-11-29,108.6796875
2016-11-30,108.6640625
2016-12-01,108.609375
2016-12-02,108.703125
2016-12-05,108.671875
2016-12-06,108.671875
2016-12-07,108.703125
2016-12-08,108.7109375
2016-12-09,108.671875
2016-12-12,108.671875
2016-12-13,108.6328125
2016-12-14,108.4765625
2016-12-15,108.4453125
2016-12-16,108.4375
2016-12-19,108.5078125
2016-12-20,108.4921875
2016-12-21,108.53125
2016-12-22,108.53125
2016-12-23,108.5390625
2016-12-27,108.5390625
2016-12-28,108.5625
2016-12-29,108.6484375
2016-12-30,108.671875
2017-01-03,108.265625
2017-01-04,108.25
2017-01-05,108.3671875
2017-01-06,108.2890625
2017-01-09,108.3515625
2017-01-10,108.3515625
2017-01-11,108.359375
2017-01-12,108.3515625
2017-01-13,108.34375
2017-01-17,108.4296875
2017-01-18,108.359375
2017-01-19,108.296875
2017-01-20,108.3671875
2017-01-23,108.4609375
2017-01-24,108.359375
2017-01-25,108.3203125
2017-01-26,108.359375
2017-01-27,108.3828125
2017-01-30,108.3828125
2017-01-31,108.3984375
2017-02-01,108.3984375
2017-02-02,108.40625
2017-02-03,108.390625
2017-02-06,108.5
2017-02-07,108.484375
2017-02-08,108.5234375
2017-02-09,108.4609375
2017-02-10,108.4296875
2017-02-13,108.4140625
2017-02-14,108.34375
2017-02-15,108.296875
2017-02-16,108.3828125
2017-02-17,108.4375
2017-02-21,108.4375
2017-02-22,108.4609375
2017-02-23,108.5234375
2017-02-24,108.6328125
2017-02-27,108.515625
2017-02-28,108.4921875
2017-03-01,108.3671875
2017-03-02,108.2890625
2017-03-03,108.3203125
2017-03-06,108.3203125
2017-03-07,108.2890625
2017-03-08,108.2421875
2017-03-09,108.234375
2017-03-10,108.25
2017-03-13,108.2421875
2017-03-14,108.234375
2017-03-15,108.3515625
2017-03-16,108.3203125
2017-03-17,108.328125
2017-03-20,108.3671875
2017-03-21,108.40625
2017-03-22,108.453125
2017-03-23,108.46875
2017-03-24,108.4921875
2017-03-27,108.4609375
2017-03-28,108.40625
2017-03-29,108.4453125
2017-03-30,108.4296875
2017-03-31,108.46875
2017-04-03,108.2734375
2017-04-04,108.2578125
2017-04-05,108.2578125
2017-04-06,108.265625
2017-04-07,108.1875
2017-04-10,108.2109375
2017-04-11,108.3046875
2017-04-12,108.3046875
2017-04-13,108.3671875
2017-04-17,108.375
2017-04-18,108.453125
2017-04-19,108.453125
2017-04-20,108.40625
2017-04-21,108.4375
2017-04-24,108.34375
2017-04-25,108.265625
2017-04-26,108.296875
2017-04-27,108.328125
2017-04-28,108.3046875
2017-05-01,108.2734375
2017-05-02,108.3203125
2017-05-03,108.2578125
2017-05-04,108.21875
2017-05-05,108.2109375
2017-05-08,108.1953125
2017-05-09,108.1484375
2017-05-10,108.1484375
2017-05-11,108.171875
2017-05-12,108.2890625
2017-05-15,108.2734375
2017-05-16,108.2734375
2017-05-17,108.390625
2017-05-18,108.3515625
2017-05-19,108.34375
2017-05-22,108.34375
2017-05-23,108.28125
2017-05-24,108.328125
2017-05-25,108.328125
2017-05-26,108.3125
2017-05-30,108.34375
2017-05-31,108.3515625
2017-06-01,108.3125
2017-06-02,108.3359375
2017-06-05,108.3046875
2017-06-06,108.328125
2017-06-07,108.3046875
2017-06-08,108.2890625
2017-06-09,108.28125
2017-06-12,108.25
2017-06-13,108.2578125
2017-06-14,108.296875
2017-06-15,108.2578125
2017-06-16,108.3046875
2017-06-19,108.2421875
2017-06-20,108.2734375
2017-06-21,108.25
2017-06-22,108.2734375
2017-06-23,108.296875
2017-06-26,108.3125
2017-06-27,108.25
2017-06-28,108.2734375
2017-06-29,108.3046875
2017-06-30,108.3359375
2017-07-03,107.9765625
2017-07-05,107.9765625
2017-07-06,107.9921875
2017-07-07,107.984375
2017-07-10,108.0234375
2017-07-11,108.0625
2017-07-12,108.125
2017-07-13,108.1015625
2017-07-14,108.109375
2017-07-17,108.125
2017-07-18,108.140625
2017-07-19,108.1328125
2017-07-20,108.1328125
2017-07-21,108.1640625
2017-07-24,108.1328125
2017-07-25,108.078125
2017-07-26,108.171875
2017-07-27,108.1640625
2017-07-28,108.1796875
2017-07-31,108.171875
2017-08-01,108.1875
2017-08-02,108.1484375
2017-08-03,108.1953125
2017-08-04,108.15625
2017-08-07,108.171875
2017-08-08,108.1484375
2017-08-09,108.203125
2017-08-10,108.203125
2017-08-11,108.2890625
2017-08-14,108.234375
2017-08-15,108.171875
2017-08-16,108.21875
2017-08-17,108.2421875
2017-08-18,108.234375
2017-08-21,108.265625
2017-08-22,108.2265625
2017-08-23,108.265625
2017-08-24,108.21875
2017-08-25,108.21875
2017-08-28,108.2421875
2017-08-29,108.28125
2017-08-30,108.265625
2017-08-31,108.2734375
2017-09-01,108.234375
2017-09-05,108.34375
2017-09-06,108.328125
2017-09-07,108.375
2017-09-08,108.40625
2017-09-11,108.3203125
2017-09-12,108.2890625
2017-09-13,108.2578125
2017-09-14,108.2265625
2017-09-15,108.1875
2017-09-18,108.1640625
2017-09-19,108.1484375
2017-09-20,108.0859375
2017-09-21,108.078125
2017-09-22,108.09375
2017-09-25,108.140625
2017-09-26,108.1015625
2017-09-27,108.078125
2017-09-28,108.1171875
2017-09-29,108.0703125
2017-10-02,107.828125
2017-10-03,107.8359375
2017-10-04,107.828125
2017-10-05,107.796875
2017-10-06,107.7734375
2017-10-09,107.765625
2017-10-10,107.7890625
2017-10-11,107.7578125
2017-10-12,107.765625
2017-10-13,107.7890625
2017-10-16,107.703125
2017-10-17,107.703125
2017-10-18,107.6796875
2017-10-19,107.7109375
2017-10-20,107.671875
2017-10-23,107.7109375
2017-10-24,107.6953125
2017-10-25,107.6640625
2017-10-26,107.640625
2017-10-27,107.6796875
2017-10-30,107.71875
2017-10-31,107.6796875
2017-11-01,107.6328125
2017-11-02,107.65625
2017-11-03,107.6328125
2017-11-06,107.640625
2017-11-07,107.6328125
2017-11-08,107.609375
2017-11-09,107.640625
2017-11-10,107.5859375
2017-11-13,107.5390625
2017-11-14,107.5234375
2017-11-15,107.5390625
2017-11-16,107.4921875
2017-11-17,107.4765625
2017-11-20,107.4296875
2017-11-21,107.390625
2017-11-22,107.4921875
2017-11-24,107.453125
2017-11-27,107.4765625
2017-11-28,107.453125
2017-11-29,107.4296875
2017-11-30,107.375
2017-12-01,107.390625
2017-12-04,107.3359375
2017-12-05,107.3046875
2017-12-06,107.34375
2017-12-07,107.3359375
2017-12-08,107.359375
2017-12-11,107.3125
2017-12-12,107.3046875
2017-12-13,107.3984375
2017-12-14,107.3359375
2017-12-15,107.296875
2017-12-18,107.3125
2017-12-19,107.2734375
2017-12-20,107.2578125
2017-12-21,107.2265625
2017-12-22,107.203125
2017-12-26,107.2109375
2017-12-27,107.25
2017-12-28,107.2421875
2017-12-29,107.28125
2018-01-02,106.984375
2018-01-03,106.96875
2018-01-04,106.9140625
2018-01-05,106.90625
2018-01-08,106.9140625
2018-01-09,106.9140625
2018-01-10,106.90625
2018-01-11,106.8984375
2018-01-12,106.84375
2018-01-16,106.8203125
2018-01-17,106.7578125
2018-01-18,106.765625
2018-01-19,106.7421875
2018-01-22,106.7265625
2018-01-23,106.7734375
2018-01-24,106.734375
2018-01-25,106.7265625
2018-01-26,106.6640625
2018-01-29,106.6640625
2018-01-30,106.6640625
2018-01-31,106.6171875
2018-02-01,106.5859375
2018-02-02,106.59375
2018-02-05,106.734375
2018-02-06,106.7109375
2018-02-07,106.640625
2018-02-08,106.640625
2018-02-09,106.765625
2018-02-12,106.6875
2018-02-13,106.6640625
2018-02-14,106.53125
2018-02-15,106.5234375
2018-02-16,106.5390625
2018-02-20,106.4921875
2018-02-21,106.4765625
2018-02-22,106.515625
2018-02-23,106.5390625
2018-02-26,106.5546875
2018-02-27,106.4921875
2018-02-28,106.4921875
2018-03-01,106.609375
2018-03-02,106.5546875
2018-03-05,106.546875
2018-03-06,106.5390625
2018-03-07,106.5390625
2018-03-08,106.5390625
2018-03-09,106.5390625
2018-03-12,106.546875
2018-03-13,106.546875
2018-03-14,106.5625
2018-03-15,106.5234375
2018-03-16,106.5
2018-03-19,106.5078125
2018-03-20,106.4453125
2018-03-21,106.4921875
2018-03-22,106.5234375
2018-03-23,106.5546875
2018-03-26,106.5234375
2018-03-27,106.578125
2018-03-28,106.546875
2018-03-29,106.546875
2018-04-02,106.375
2018-04-03,106.2890625
2018-04-04,106.28125
2018-04-05,106.25
2018-04-06,106.328125
2018-04-09,106.296875
2018-04-10,106.2578125
2018-04-11,106.265625
2018-04-12,106.1875
2018-04-13,106.1484375
2018-04-16,106.1484375
2018-04-17,106.140625
2018-04-18,106.0625
2018-04-19,106.0546875
2018-04-20,106.0234375
2018-04-23,106.0078125
2018-04-24,106.0390625
2018-04-25,106.015625
2018-04-26,106.015625
2018-04-27,106.03125
2018-04-30,106.0234375
2018-05-01,105.9765625
2018-05-02,106.015625
2018-05-03,106.046875
2018-05-04,106.0078125
2018-05-07,106.015625
2018-05-08,105.984375
2018-05-09,105.9453125
2018-05-10,105.9296875
2018-05-11,105.9375
2018-05-14,105.9296875
2018-05-15,105.8671875
2018-05-16,105.8515625
2018-05-17,105.875
2018-05-18,105.921875
2018-05-21,105.8984375
2018-05-22,105.90625
2018-05-23,106.015625
2018-05-24,106.0546875
2018-05-25,106.1171875
2018-05-29,106.4296875
2018-05-30,106.234375
2018-05-31,106.2265625
2018-06-01,106.125
2018-06-04,106.046875
2018-06-05,106.0859375
2018-06-06,106.046875
2018-06-07,106.0703125
2018-06-08,106.09375
2018-06-11,106.0546875
2018-06-12,106.0390625
2018-06-13,105.953125
2018-06-14,105.9765625
2018-06-15,106.0078125
2018-06-18,106.015625
2018-06-19,106.03125
2018-06-20,106.015625
2018-06-21,106.046875
2018-06-22,106.03125
2018-06-25,106.078125
2018-06-26,106.0703125
2018-06-27,106.125
2018-06-28,106.1015625
2018-06-29,106.0703125
2018-07-02,105.875
2018-07-03,105.90625
2018-07-05,105.84375
2018-07-06,105.890625
2018-07-09,105.8515625
2018-07-10,105.796875
2018-07-11,105.828125
2018-07-12,105.796875
2018-07-13,105.8359375
2018-07-16,105.7890625
2018-07-17,105.765625
2018-07-18,105.765625
2018-07-19,105.8125
2018-07-20,105.796875
2018-07-23,105.734375
2018-07-24,105.734375
2018-07-25,105.71875
2018-07-26,105.6640625
2018-07-27,105.671875
2018-07-30,105.6796875
2018-07-31,105.6875
2018-08-01,105.6640625
2018-08-02,105.7109375
2018-08-03,105.75
2018-08-06,105.734375
2018-08-07,105.703125
2018-08-08,105.6953125
2018-08-09,105.75
2018-08-10,105.859375
2018-08-13,105.8203125
2018-08-14,105.7890625
2018-08-15,105.84375
2018-08-16,105.8046875
2018-08-17,105.8125
2018-08-20,105.875
2018-08-21,105.8359375
2018-08-22,105.8515625
2018-08-23,105.8359375
2018-08-24,105.8046875
2018-08-27,105.78125
2018-08-28,105.7578125
2018-08-29,105.71875
2018-08-30,105.7734375
2018-08-31,105.828125
2018-09-04,105.78125
2018-09-05,105.7890625
2018-09-06,105.8125
2018-09-07,105.703125
2018-09-10,105.6875
2018-09-11,105.6328125
2018-09-12,105.640625
2018-09-13,105.625
2018-09-14,105.5859375
2018-09-17,105.5859375
2018-09-18,105.546875
2018-09-19,105.53125
2018-09-20,105.53125
2018-09-21,105.5625
2018-09-24,105.5625
2018-09-25,105.53125
2018-09-26,105.5546875
2018-09-27,105.5546875
2018-09-28,105.5625
2018-10-01,105.359375
2018-10-02,105.3828125
2018-10-03,105.28125
2018-10-04,105.2421875
2018-10-05,105.2265625
2018-10-08,105.265625
2018-10-09,105.2421875
2018-10-10,105.2578125
2018-10-11,105.3359375
2018-10-12,105.3359375
2018-10-15,105.296875
2018-10-16,105.2890625
2018-10-17,105.2578125
2018-10-18,105.2734375
2018-10-19,105.2109375
2018-10-22,105.2265625
2018-10-23,105.28125
2018-10-24,105.359375
2018-10-25,105.3359375
2018-10-26,105.453125
2018-10-29,105.4453125
2018-10-30,105.390625
2018-10-31,105.328125
2018-11-01,105.3671875
2018-11-02,105.25
2018-11-05,105.2578125
2018-11-06,105.21875
2018-11-07,105.1953125
2018-11-08,105.15625
2018-11-09,105.2265625
2018-11-12,105.296875
2018-11-13,105.296875
2018-11-14,105.3671875
2018-11-15,105.375
2018-11-16,105.46875
2018-11-19,105.53125
2018-11-20,105.5
2018-11-21,105.4609375
2018-11-23,105.46875
2018-11-26,105.4375
2018-11-27,105.4375
2018-11-28,105.4921875
2018-11-29,105.46875
2018-11-30,105.46875
2018-12-03,105.421875
2018-12-04,105.453125
2018-12-06,105.5390625
2018-12-07,105.6328125
2018-12-10,105.6171875
2018-12-11,105.546875
2018-12-12,105.53125
2018-12-13,105.5859375
2018-12-14,105.640625
2018-12-17,105.71875
2018-12-18,105.796875
2018-12-19,105.8203125
2018-12-20,105.765625
2018-12-21,105.8203125
2018-12-24,105.9296875
2018-12-26,105.859375
2018-12-27,105.9453125
2018-12-28,105.984375
2018-12-31,106.0546875
2019-01-02,106.125
2019-01-03,106.3671875
2019-01-04,106.1640625
2019-01-07,106.078125
2019-01-08,105.953125
2019-01-09,105.9921875
2019-01-10,105.9921875
2019-01-11,106.0234375
2019-01-14,106.0390625
2019-01-15,106.05078125
2019-01-16,106.01953125
2019-01-17,105.9765625
2019-01-18,105.87890625
2019-01-22,105.95703125
2019-01-23,105.92578125
2019-01-24,105.98046875
2019-01-25,105.90625
2019-01-28,105.91796875
2019-01-29,105.96875
2019-01-30,106.04296875
2019-01-31,106.1640625
2019-02-01,106.06640625
2019-02-04,106.0234375
2019-02-05,106.03515625
2019-02-06,106.0234375
2019-02-07,106.11328125
2019-02-08,106.13671875
2019-02-11,106.08203125
2019-02-12,106.05078125
2019-02-13,105.97265625
2019-02-14,106.05859375
2019-02-15,106.01171875
2019-02-19,106.0546875
2019-02-20,106.0390625
2019-02-21,105.98828125
2019-02-22,106.0625
2019-02-25,106.02734375
2019-02-26,106.05859375
2019-02-27,106.0
2019-02-28,105.98046875
2019-03-01,105.90625
2019-03-04,105.9453125
2019-03-05,105.9296875
2019-03-06,106.0
2019-03-07,106.09375
2019-03-08,106.09765625
2019-03-11,106.08984375
2019-03-12,106.12890625
2019-03-13,106.1328125
2019-03-14,106.10546875
2019-03-15,106.16015625
2019-03-18,106.1171875
2019-03-19,106.1015625
2019-03-20,106.23828125
2019-03-21,106.21484375
2019-03-22,106.36328125
2019-03-25,106.49609375
2019-03-26,106.48046875
2019-03-27,106.54296875
2019-03-28,106.53125
2019-03-29,106.4375
2019-04-01,106.44140625
2019-04-02,106.4765625
2019-04-03,106.43359375
2019-04-04,106.40625
2019-04-05,106.39453125
2019-04-08,106.37109375
2019-04-09,106.3984375
2019-04-10,106.4296875
2019-04-11,106.3671875
2019-04-12,106.28125
2019-04-15,106.28125
2019-04-16,106.23046875
2019-04-17,106.2578125
2019-04-18,106.2890625
2019-04-22,106.28515625
2019-04-23,106.33984375
2019-04-24,106.4140625
2019-04-25,106.39453125
2019-04-26,106.46875
2019-04-29,106.45703125
2019-04-30,106.50390625
2019-05-01,106.4296875
2019-05-02,106.34375
2019-05-03,106.3515625
2019-05-06,106.40625
2019-05-07,106.46875
2019-05-08,106.44140625
2019-05-09,106.49609375
2019-05-10,106.5234375
2019-05-13,106.6328125
2019-05-14,106.60546875
2019-05-15,106.6640625
2019-05-16,106.58984375
2019-05-17,106.58984375
2019-05-20,106.54296875
2019-05-21,106.4765625
2019-05-22,106.52734375
2019-05-23,106.71484375
2019-05-24,106.625
2019-05-28,106.71484375
2019-05-29,106.78515625
2019-05-30,106.79296875
2019-05-31,107.04296875
2019-06-03,107.24609375
2019-06-04,107.18359375
2019-06-05,107.22265625
2019-06-06,107.1484375
2019-06-07,107.20703125
2019-06-10,107.125
2019-06-11,107.09375
2019-06-12,107.14453125
2019-06-13,107.25
2019-06-14,107.21484375
2019-06-17,107.16796875
2019-06-18,107.1796875
2019-06-19,107.37109375
2019-06-20,107.43359375
2019-06-21,107.34375
2019-06-24,107.4296875
2019-06-25,107.4296875
2019-06-26,107.3125
2019-06-27,107.3671875
2019-06-28,107.375
2019-07-01,107.5
2019-07-02,107.54296875
2019-07-03,107.5390625
2019-07-05,107.3125
2019-07-08,107.30078125
2019-07-09,107.25390625
2019-07-10,107.3984375
2019-07-11,107.33203125
2019-07-12,107.36328125
2019-07-15,107.37109375
2019-07-16,107.30859375
2019-07-17,107.359375
2019-07-18,107.4765625
2019-07-19,107.3984375
2019-07-22,107.40234375
2019-07-23,107.3515625
2019-07-24,107.359375
2019-07-25,107.2890625
2019-07-26,107.25390625
2019-07-29,107.29296875
2019-07-30,107.29296875
2019-07-31,107.203125
2019-08-01,107.52734375
2019-08-02,107.51953125
2019-08-05,107.7890625
2019-08-06,107.7421875
2019-08-07,107.81640625
2019-08-08,107.7265625
2019-08-09,107.6796875
2019-08-12,107.76953125
2019-08-13,107.5859375
2019-08-14,107.75
2019-08-15,107.8828125
2019-08-16,107.9140625
2019-08-19,107.796875
2019-08-20,107.84375
2019-08-21,107.74609375
2019-08-22,107.66015625
2019-08-23,107.8046875
2019-08-26,107.74609375
2019-08-27,107.78125
2019-08-28,107.81640625
2019-08-29,107.75390625
2019-08-30,107.79296875
2019-09-03,107.87890625
2019-09-04,107.92578125
2019-09-05,107.703125
2019-09-06,107.72265625
2019-09-09,107.62890625
2019-09-10,107.47265625
2019-09-11,107.46484375
2019-09-12,107.35546875
2019-09-13,107.2109375
2019-09-16,107.296875
2019-09-17,107.36328125
2019-09-18,107.34375
2019-09-19,107.3359375
2019-09-20,107.35546875
2019-09-23,107.41015625
2019-09-24,107.54296875
2019-09-25,107.39453125
2019-09-26,107.44140625
2019-09-27,107.515625
2019-09-30,107.5
2019-10-01,107.875
2019-10-02,107.99609375
2019-10-03,108.18359375
2019-10-04,108.15234375
2019-10-07,108.01953125
2019-10-08,108.10546875
2019-10-09,107.9921875
2019-10-10,107.87109375
2019-10-11,107.69921875
2019-10-14,107.734375
2019-10-15,107.6796875
2019-10-16,107.75
2019-10-17,107.7265625
2019-10-18,107.78125
2019-10-21,107.7109375
2019-10-22,107.7421875
2019-10-23,107.73828125
2019-10-24,107.734375
2019-10-25,107.640625
2019-10-28,107.59375
2019-10-29,107.59765625
2019-10-30,107.62109375
2019-10-31,107.80078125
2019-11-01,107.72265625
2019-11-04,107.65234375
2019-11-05,107.578125
2019-11-06,107.625
2019-11-07,107.48828125
2019-11-08,107.51171875
2019-11-11,107.48828125
2019-11-12,107.5390625
2019-11-13,107.5859375
2019-11-14,107.65234375
2019-11-15,107.6171875
2019-11-18,107.65234375
2019-11-19,107.640625
2019-11-20,107.6953125
2019-11-21,107.63671875
2019-11-22,107.5859375
2019-11-25,107.60546875
2019-11-26,107.6328125
2019-11-27,107.53515625
2019-11-29,107.58203125
2019-12-02,107.55078125
2019-12-03,107.69921875
2019-12-04,107.59765625
2019-12-05,107.609375
2019-12-06,107.54296875
2019-12-09,107.5390625
2019-12-10,107.4921875
2019-12-11,107.5546875
2019-12-12,107.4609375
2019-12-13,107.58984375
2019-12-16,107.51953125
2019-12-17,107.54296875
2019-12-18,107.55078125
2019-12-19,107.578125
2019-12-20,107.546875
2019-12-23,107.50390625
2019-12-24,107.54296875
2019-12-26,107.546875
2019-12-27,107.62109375
2019-12-30,107.6484375
2019-12-31,107.6484375
2020-01-02,107.7265625
2020-01-03,107.83203125
2020-01-06,107.796875
2020-01-07,107.79296875
2020-01-08,107.71875
2020-01-09,107.73046875
2020-01-10,107.73828125
2020-01-13,107.70703125
2020-01-14,107.72265625
2020-01-15,107.75390625
2020-01-16,107.73828125
2020-01-17,107.7265625
2020-01-21,107.8046875
2020-01-22,107.81640625
2020-01-23,107.8359375
2020-01-24,107.91015625
2020-01-27,108.0
2020-01-28,107.94140625
2020-01-29,108.01953125
2020-01-30,108.0625
2020-01-31,108.1796875
2020-02-03,108.1171875
2020-02-04,107.99609375
2020-02-05,107.94921875
2020-02-06,107.93359375
2020-02-07,108.02734375
2020-02-10,108.0703125
2020-02-11,108.0
2020-02-12,107.94921875
2020-02-13,107.94140625
2020-02-14,107.97265625
2020-02-18,108.00390625
2020-02-19,107.96484375
2020-02-20,108.02734375
2020-02-21,108.11328125
2020-02-24,108.2734375
2020-02-25,108.3984375
2020-02-26,108.48046875
2020-02-27,108.55078125
2020-02-28,108.9296875
2020-03-02,109.046875
2020-03-03,109.234375
2020-03-04,109.3671875
2020-03-05,109.4765625
2020-03-06,109.66796875
2020-03-09,109.92578125
2020-03-10,109.7265625
2020-03-11,109.765625
2020-03-12,109.78125
2020-03-13,109.73828125
2020-03-16,109.890625
2020-03-17,109.66015625
2020-03-18,109.6328125
2020-03-19,109.7890625
2020-03-20,109.90625
2020-03-23,110.04296875
2020-03-24,109.89453125
2020-03-25,110.05859375
2020-03-26,110.12109375
2020-03-27,110.16796875
2020-03-30,110.1484375
2020-03-31,110.171875
2020-04-01,110.171875
2020-04-02,110.19921875
2020-04-03,110.20703125
2020-04-06,110.109375
2020-04-07,110.05859375
2020-04-08,110.11328125
2020-04-09,110.1796875
2020-04-13,110.14453125
2020-04-14,110.1796875
2020-04-15,110.2265625
2020-04-16,110.23046875
2020-04-17,110.20703125
2020-04-20,110.203125
2020-04-21,110.19921875
2020-04-22,110.19140625
2020-04-23,110.17578125
2020-04-24,110.18359375
2020-04-27,110.15234375
2020-04-28,110.18359375
2020-04-29,110.203125
2020-04-30,110.21484375
2020-05-01,110.17578125
2020-05-04,110.21484375
2020-05-05,110.19921875
2020-05-06,110.21484375
2020-05-07,110.31640625
2020-05-08,110.2734375
2020-05-11,110.21875
2020-05-12,110.23046875
2020-05-13,110.25390625
2020-05-14,110.28515625
2020-05-15,110.28125
2020-05-18,110.21484375
2020-05-19,110.23828125
2020-05-20,110.265625
2020-05-21,110.2578125
2020-05-22,110.26171875
2020-05-26,110.23828125
2020-05-27,110.23828125
2020-05-28,110.2421875
2020-05-29,110.28125
2020-06-01,110.26953125
2020-06-02,110.24609375
2020-06-03,110.19140625
2020-06-04,110.203125
2020-06-05,110.15625
2020-06-08,110.140625
2020-06-09,110.18359375
2020-06-10,110.23828125
2020-06-11,110.23046875
2020-06-12,110.21484375
2020-06-15,110.2265625
2020-06-16,110.19140625
2020-06-17,110.20703125
2020-06-18,110.21875
2020-06-19,110.234375
2020-06-22,110.2265625
2020-06-23,110.21875
2020-06-24,110.22265625
2020-06-25,110.23828125
2020-06-26,110.27734375
2020-06-29,110.29296875
2020-06-30,110.27734375
2020-07-01,110.37890625
2020-07-02,110.3984375
2020-07-06,110.38671875
2020-07-07,110.38671875
2020-07-08,110.40625
2020-07-09,110.4140625
2020-07-10,110.40625
2020-07-13,110.39453125
2020-07-14,110.40625
2020-07-15,110.40625
2020-07-16,110.421875
2020-07-17,110.421875
2020-07-20,110.41015625
2020-07-21,110.4296875
2020-07-22,110.41796875
2020-07-23,110.4140625
2020-07-24,110.41796875
2020-07-27,110.40625
2020-07-28,110.4296875
2020-07-29,110.453125
2020-07-30,110.46484375
2020-07-31,110.4921875
2020-08-03,110.47265625
2020-08-04,110.48046875
2020-08-05,110.46875
2020-08-06,110.47265625
2020-08-07,110.44921875
2020-08-10,110.44140625
2020-08-11,110.37890625
2020-08-12,110.37890625
2020-08-13,110.37109375
2020-08-14,110.3984375
2020-08-17,110.39453125
2020-08-18,110.41015625
2020-08-19,110.4140625
2020-08-20,110.4140625
2020-08-21,110.41015625
2020-08-24,110.39453125
2020-08-25,110.3984375
2020-08-26,110.390625
2020-08-27,110.375
2020-08-28,110.421875
2020-08-31,110.42578125
2020-09-01,110.421875
2020-09-02,110.4140625
2020-09-03,110.43359375
2020-09-04,110.390625
2020-09-08,110.41015625
2020-09-09,110.40234375
2020-09-10,110.41015625
2020-09-11,110.4375
2020-09-14,110.41796875
2020-09-15,110.4140625
2020-09-16,110.41015625
2020-09-17,110.42578125
2020-09-18,110.41796875
2020-09-21,110.421875
2020-09-22,110.4296875
2020-09-23,110.41796875
2020-09-24,110.42578125
2020-09-25,110.4375
2020-09-28,110.44140625
2020-09-29,110.4453125
2020-09-30,110.453125
2020-10-01,110.46875
2020-10-02,110.45703125
2020-10-05,110.42578125
2020-10-06,110.4296875
2020-10-07,110.40625
2020-10-08,110.42578125
2020-10-09,110.41015625
2020-10-12,110.41015625
2020-10-13,110.44140625
2020-10-14,110.4375
2020-10-15,110.4375
2020-10-16,110.4296875
2020-10-19,110.42578125
2020-10-20,110.42578125
2020-10-21,110.421875
2020-10-22,110.40625
2020-10-23,110.41015625
2020-10-26,110.41796875
2020-10-27,110.421875
2020-10-28,110.4296875
2020-10-29,110.421875
2020-10-30,110.421875
2020-11-02,110.40625
2020-11-03,110.3828125
2020-11-04,110.43359375
2020-11-05,110.41796875
2020-11-06,110.40625
2020-11-09,110.35546875
2020-11-10,110.34765625
2020-11-11,110.33984375
2020-11-12,110.36328125
2020-11-13,110.359375
2020-11-16,110.35546875
2020-11-17,110.3671875
2020-11-18,110.3671875
2020-11-19,110.375
2020-11-20,110.390625
2020-11-23,110.38671875
2020-11-24,110.39453125
2020-11-25,110.40234375
2020-11-27,110.4140625
2020-11-30,110.421875
2020-12-01,110.3671875
2020-12-02,110.390625
2020-12-03,110.4140625
2020-12-04,110.41796875
2020-12-07,110.4375
2020-12-08,110.41796875
2020-12-09,110.41796875
2020-12-10,110.44140625
2020-12-11,110.48046875
2020-12-14,110.48046875
2020-12-15,110.47265625
2020-12-16,110.47265625
2020-12-17,110.46484375
2020-12-18,110.46875
2020-12-21,110.46875
2020-12-22,110.4765625
2020-12-23,110.47265625
2020-12-24,110.4765625
2020-12-28,110.4765625
2020-12-29,110.4765625
2020-12-30,110.4765625
2020-12-31,110.48828125
2021-01-04,110.4921875
2021-01-05,110.4765625
2021-01-06,110.42578125
2021-01-07,110.4453125
2021-01-08,110.4453125
2021-01-11,110.43359375
2021-01-12,110.42578125
2021-01-13,110.42578125
2021-01-14,110.4296875
2021-01-15,110.44921875
2021-01-19,110.4609375
2021-01-20,110.46484375
2021-01-21,110.4765625
2021-01-22,110.48046875
2021-01-25,110.48046875
2021-01-26,110.48046875
2021-01-27,110.4921875
2021-01-28,110.48046875
2021-01-29,110.48828125
2021-02-01,110.5
2021-02-02,110.48828125
2021-02-03,110.484375
2021-02-04,110.484375
2021-02-05,110.50390625
2021-02-08,110.4921875
2021-02-09,110.484375
2021-02-10,110.49609375
2021-02-11,110.5
2021-02-12,110.5
2021-02-16,110.4765625
2021-02-17,110.5
2021-02-18,110.50390625
2021-02-19,110.5078125
2021-02-22,110.49609375
2021-02-23,110.4921875
2021-02-24,110.4765625
2021-02-25,110.3828125
2021-02-26,110.42578125
2021-03-01,110.48046875
2021-03-02,110.484375
2021-03-03,110.44921875
2021-03-04,110.44140625
2021-03-05,110.453125
2021-03-08,110.3984375
2021-03-09,110.3984375
2021-03-10,110.4140625
2021-03-11,110.4453125
2021-03-12,110.4296875
2021-03-15,110.421875
2021-03-16,110.42578125
2021-03-17,110.46484375
2021-03-18,110.41015625
2021-03-19,110.4296875
2021-03-22,110.4375
2021-03-23,110.44140625
2021-03-24,110.453125
2021-03-25,110.48046875
2021-03-26,110.4609375
2021-03-29,110.45703125
2021-03-30,110.453125
2021-03-31,110.453125
2021-04-01,110.359375
2021-04-05,110.328125
2021-04-06,110.359375
2021-04-07,110.37890625
2021-04-08,110.3828125
2021-04-09,110.37109375
2021-04-12,110.34375
2021-04-13,110.37109375
2021-04-14,110.36328125
2021-04-15,110.37890625
2021-04-16,110.36328125
2021-04-19,110.37109375
2021-04-20,110.390625
2021-04-21,110.3984375
2021-04-22,110.3984375
2021-04-23,110.38671875
2021-04-26,110.36328125
2021-04-27,110.3515625
2021-04-28,110.37890625
2021-04-29,110.37890625
2021-04-30,110.37890625
2021-05-03,110.38671875
2021-05-04,110.3828125
2021-05-05,110.39453125
2021-05-06,110.3984375
2021-05-07,110.421875
2021-05-10,110.40625
2021-05-11,110.390625
2021-05-12,110.375
2021-05-13,110.390625
2021-05-14,110.40625
2021-05-17,110.3984375
2021-05-18,110.41015625
2021-05-19,110.390625
2021-05-20,110.41015625
2021-05-21,110.40234375
2021-05-24,110.4140625
2021-05-25,110.4296875
2021-05-26,110.43359375
2021-05-27,110.4296875
2021-05-28,110.4453125
2021-06-01,110.4375
2021-06-02,110.4375
2021-06-03,110.4140625
2021-06-04,110.4296875
2021-06-07,110.41796875
2021-06-08,110.42578125
2021-06-09,110.4296875
2021-06-10,110.4296875
2021-06-11,110.4296875
2021-06-14,110.4140625
2021-06-15,110.40234375
2021-06-16,110.328125
2021-06-17,110.3203125
2021-06-18,110.23828125
2021-06-21,110.24609375
2021-06-22,110.28515625
2021-06-23,110.28515625
2021-06-24,110.25390625
2021-06-25,110.25
2021-06-28,110.28125
2021-06-29,110.28515625
2021-06-30,110.29296875
2021-07-01,110.1484375
2021-07-02,110.18359375
2021-07-06,110.2265625
2021-07-07,110.2421875
2021-07-08,110.28515625
2021-07-09,110.2421875
2021-07-12,110.20703125
2021-07-13,110.15625
2021-07-14,110.21484375
2021-07-15,110.21875
2021-07-16,110.22265625
2021-07-19,110.25390625
2021-07-20,110.296875
2021-07-21,110.26171875
2021-07-22,110.27734375
2021-07-23,110.27734375
2021-07-26,110.28515625
2021-07-27,110.30078125
2021-07-28,110.28515625
2021-07-29,110.30078125
2021-07-30,110.328125
2021-08-02,110.35546875
2021-08-03,110.35546875
2021-08-04,110.33984375
2021-08-05,110.30078125
2021-08-06,110.28125
2021-08-09,110.25390625
2021-08-10,110.22265625
2021-08-11,110.25
2021-08-12,110.234375
2021-08-13,110.2578125
2021-08-16,110.28125
2021-08-17,110.26171875
2021-08-18,110.2578125
2021-08-19,110.2578125
2021-08-20,110.25390625
2021-08-23,110.2578125
2021-08-24,110.25
2021-08-25,110.25390625
2021-08-26,110.25390625
2021-08-27,110.30078125
2021-08-30,110.32421875
2021-08-31,110.3203125
2021-09-01,110.32421875
2021-09-02,110.32421875
2021-09-03,110.3359375
2021-09-07,110.30859375
2021-09-08,110.3125
2021-09-09,110.3203125
2021-09-10,110.31640625
2021-09-13,110.3203125
2021-09-14,110.3359375
2021-09-15,110.328125
2021-09-16,110.3125
2021-09-17,110.296875
2021-09-20,110.3203125
2021-09-21,110.328125
2021-09-22,110.2734375
2021-09-23,110.24609375
2021-09-24,110.21875
2021-09-27,110.203125
2021-09-28,110.21484375
2021-09-29,110.22265625
2021-09-30,110.2421875
2021-10-01,110.0859375
2021-10-04,110.05859375
2021-10-05,110.0390625
2021-10-06,110.015625
2021-10-07,109.9921875
2021-10-08,109.9609375
2021-10-11,109.890625
2021-10-12,109.890625
2021-10-13,109.828125
2021-10-14,109.86328125
2021-10-15,109.76171875
2021-10-18,109.70703125
2021-10-19,109.7578125
2021-10-20,109.77734375
2021-10-21,109.66015625
2021-10-22,109.625
2021-10-25,109.69140625
2021-10-26,109.6796875
2021-10-27,109.64453125
2021-10-28,109.62109375
2021-10-29,109.625
2021-11-01,109.59375
2021-11-02,109.72265625
2021-11-03,109.671875
2021-11-04,109.80078125
2021-11-05,109.84375
2021-11-08,109.74609375
2021-11-09,109.828125
2021-11-10,109.625
2021-11-11,109.53515625
2021-11-12,109.59375
2021-11-15,109.5859375
2021-11-16,109.58203125
2021-11-17,109.6328125
2021-11-18,109.64453125
2021-11-19,109.6640625
2021-11-22,109.51953125
2021-11-23,109.55859375
2021-11-24,109.48046875
2021-11-25,109.46484375
2021-11-26,109.69921875
2021-11-29,109.72265625
2021-11-30,109.703125
2021-12-01,109.625
2021-12-02,109.51953125
2021-12-03,109.58203125
2021-12-06,109.5078125
2021-12-07,109.41015625
2021-12-08,109.4296875
2021-12-09,109.41015625
2021-12-10,109.46484375
2021-12-13,109.50390625
2021-12-14,109.4765625
2021-12-15,109.4140625
2021-12-16,109.54296875
2021-12-17,109.515625
2021-12-20,109.546875
2021-12-21,109.48046875
2021-12-22,109.4921875
2021-12-23,109.44921875
2021-12-27,109.40234375
2021-12-28,109.39453125
2021-12-29,109.3984375
2021-12-30,109.43359375
2021-12-31,109.45703125
2022-01-03,108.9765625
2022-01-04,109.01953125
2022-01-05,108.88671875
2022-01-06,108.7734375
2022-01-07,108.8046875
2022-01-10,108.734375
2022-01-11,108.75
2022-01-12,108.7421875
2022-01-13,108.76171875
2022-01-14,108.625
2022-01-18,108.484375
2022-01-19,108.52734375
2022-01-20,108.4765625
2022-01-21,108.60546875
2022-01-24,108.6953125
